date,market_return,ticker,source
2010-01-05,0.002646558282089817,SPY,yfinance
2010-01-06,0.0007040654710894767,SPY,yfinance
2010-01-07,0.004221600014921556,SPY,yfinance
2010-01-08,0.0033277749867977047,SPY,yfinance
2010-01-11,0.0013959543223454052,SPY,yfinance
2010-01-12,-0.009325946970269228,SPY,yfinance
2010-01-13,0.008446106427202782,SPY,yfinance
2010-01-14,0.0027050228895448836,SPY,yfinance
2010-01-15,-0.011224656644853503,SPY,yfinance
2010-01-19,0.01249610806086765,SPY,yfinance
2010-01-20,-0.010168912940042962,SPY,yfinance
2010-01-21,-0.019228961398828015,SPY,yfinance
2010-01-22,-0.02229214734483076,SPY,yfinance
2010-01-25,0.0051279255047489425,SPY,yfinance
2010-01-26,-0.004190316736297772,SPY,yfinance
2010-01-27,0.004756727168726327,SPY,yfinance
2010-01-28,-0.011472281725148248,SPY,yfinance
2010-01-29,-0.010868261597509865,SPY,yfinance
2010-02-01,0.015550393243832339,SPY,yfinance
2010-02-02,0.012103597504895314,SPY,yfinance
2010-02-03,-0.004982855153832455,SPY,yfinance
2010-02-04,-0.0308656090479974,SPY,yfinance
2010-02-05,0.002066632690598036,SPY,yfinance
2010-02-08,-0.0072190138459792275,SPY,yfinance
2010-02-09,0.012560015715306516,SPY,yfinance
2010-02-10,-0.0019584006524642206,SPY,yfinance
2010-02-11,0.010466029260706833,SPY,yfinance
2010-02-12,-0.0008321972544186318,SPY,yfinance
2010-02-16,0.015735257698644034,SPY,yfinance
2010-02-17,0.004737995589627841,SPY,yfinance
2010-02-18,0.005895213407058231,SPY,yfinance
2010-02-19,0.0020739910726170763,SPY,yfinance
2010-02-22,0.00018009744345115486,SPY,yfinance
2010-02-23,-0.012145077914122449,SPY,yfinance
2010-02-24,0.009197883188722056,SPY,yfinance
2010-02-25,-0.0013537571891609756,SPY,yfinance
2010-02-26,0.0006323272055117624,SPY,yfinance
2010-03-01,0.010385416918920587,SPY,yfinance
2010-03-02,0.0027703832542727014,SPY,yfinance
2010-03-03,0.0008912528805316011,SPY,yfinance
2010-03-04,0.0030276704289258216,SPY,yfinance
2010-03-05,0.01429341789988614,SPY,yfinance
2010-03-08,0.00017448099045225263,SPY,yfinance
2010-03-09,0.0016629465421045264,SPY,yfinance
2010-03-10,0.00445584730852322,SPY,yfinance
2010-03-11,0.004174800989209304,SPY,yfinance
2010-03-12,8.70844719378372e-05,SPY,yfinance
2010-03-15,0.0002596410277333483,SPY,yfinance
2010-03-16,0.007965908623371654,SPY,yfinance
2010-03-17,0.005927478585800117,SPY,yfinance
2010-03-18,-0.0005123578466028622,SPY,yfinance
2010-03-19,-0.0050618224320601035,SPY,yfinance
2010-03-22,0.005346414976441727,SPY,yfinance
2010-03-23,0.007033042531233269,SPY,yfinance
2010-03-24,-0.004855309829690957,SPY,yfinance
2010-03-25,-0.0016256086906792921,SPY,yfinance
2010-03-26,-0.0006000623305714159,SPY,yfinance
2010-03-29,0.006347424406460966,SPY,yfinance
2010-03-30,0.0006820670127378747,SPY,yfinance
2010-03-31,-0.0034069725993355338,SPY,yfinance
2010-04-01,0.006837239486255697,SPY,yfinance
2010-04-05,0.00814972951328774,SPY,yfinance
2010-04-06,0.0023574328180813175,SPY,yfinance
2010-04-07,-0.005712435791186077,SPY,yfinance
2010-04-08,0.003463763255401986,SPY,yfinance
2010-04-09,0.006567513427565119,SPY,yfinance
2010-04-12,0.001589267931036531,SPY,yfinance
2010-04-13,0.0007517326572714644,SPY,yfinance
2010-04-14,0.011349466835137045,SPY,yfinance
2010-04-15,0.0008249389130430274,SPY,yfinance
2010-04-16,-0.015912090878295815,SPY,yfinance
2010-04-19,0.0037698633325640163,SPY,yfinance
2010-04-20,0.00893093405348111,SPY,yfinance
2010-04-21,-0.001820024180741342,SPY,yfinance
2010-04-22,0.0029834145246141475,SPY,yfinance
2010-04-23,0.0065278105960726585,SPY,yfinance
2010-04-26,-0.003776072679332554,SPY,yfinance
2010-04-27,-0.02365068303088913,SPY,yfinance
2010-04-28,0.007596328454103629,SPY,yfinance
2010-04-29,0.012397099143448331,SPY,yfinance
2010-04-30,-0.01696141968099385,SPY,yfinance
2010-05-03,0.012961538126228245,SPY,yfinance
2010-05-04,-0.023514334985952012,SPY,yfinance
2010-05-05,-0.005956718910370418,SPY,yfinance
2010-05-06,-0.03321332162945401,SPY,yfinance
2010-05-07,-0.014875115493936386,SPY,yfinance
2010-05-10,0.04404100340642403,SPY,yfinance
2010-05-11,-0.002840835826072974,SPY,yfinance
2010-05-12,0.013985580539892073,SPY,yfinance
2010-05-13,-0.012430230342326487,SPY,yfinance
2010-05-14,-0.018105349527483883,SPY,yfinance
2010-05-17,0.0005265998457293364,SPY,yfinance
2010-05-18,-0.013602224279231523,SPY,yfinance
2010-05-19,-0.005694115950689027,SPY,yfinance
2010-05-20,-0.037759437406053475,SPY,yfinance
2010-05-21,0.014599394826906975,SPY,yfinance
2010-05-24,-0.012831518908597794,SPY,yfinance
2010-05-25,0.0010215177745978021,SPY,yfinance
2010-05-26,-0.0060282920784082705,SPY,yfinance
2010-05-27,0.033498158684315715,SPY,yfinance
2010-05-28,-0.012549966210148367,SPY,yfinance
2010-06-01,-0.01682367806762286,SPY,yfinance
2010-06-02,0.02603946608201202,SPY,yfinance
2010-06-03,0.0034439737592357744,SPY,yfinance
2010-06-04,-0.03513678394796349,SPY,yfinance
2010-06-07,-0.012450465224056129,SPY,yfinance
2010-06-08,0.01071171719872921,SPY,yfinance
2010-06-09,-0.005346289208787658,SPY,yfinance
2010-06-10,0.02923137602399395,SPY,yfinance
2010-06-11,0.00485599434566697,SPY,yfinance
2010-06-14,-0.00154979748658568,SPY,yfinance
2010-06-15,0.02273723906663072,SPY,yfinance
2010-06-16,-0.000357051347030124,SPY,yfinance
2010-06-17,0.0016076677543479523,SPY,yfinance
2010-06-18,0.0010843055242260036,SPY,yfinance
2010-06-21,-0.0028637754164704265,SPY,yfinance
2010-06-22,-0.016515883406535647,SPY,yfinance
2010-06-23,-0.003102773587001062,SPY,yfinance
2010-06-24,-0.016570700514358827,SPY,yfinance
2010-06-25,0.0041889102360248565,SPY,yfinance
2010-06-28,-0.0031519539566059462,SPY,yfinance
2010-06-29,-0.030874894413897125,SPY,yfinance
2010-06-30,-0.00949991901797409,SPY,yfinance
2010-07-01,-0.004456487075218174,SPY,yfinance
2010-07-02,-0.005449933774039795,SPY,yfinance
2010-07-06,0.006555742252486674,SPY,yfinance
2010-07-07,0.03149608929469161,SPY,yfinance
2010-07-08,0.009895207326543476,SPY,yfinance
2010-07-09,0.007465756719209349,SPY,yfinance
2010-07-12,0.000648756858286692,SPY,yfinance
2010-07-13,0.01508845907220735,SPY,yfinance
2010-07-14,-9.170357313059707e-05,SPY,yfinance
2010-07-15,0.00027384553047404836,SPY,yfinance
2010-07-16,-0.027534444086809273,SPY,yfinance
2010-07-19,0.005906563274487908,SPY,yfinance
2010-07-20,0.011091330097679153,SPY,yfinance
2010-07-21,-0.012997626758514347,SPY,yfinance
2010-07-22,0.022321688154479657,SPY,yfinance
2010-07-23,0.00867873037950817,SPY,yfinance
2010-07-26,0.010415968686552368,SPY,yfinance
2010-07-27,-8.996058041510491e-05,SPY,yfinance
2010-07-28,-0.0064541877790286195,SPY,yfinance
2010-07-29,-0.004872359767822854,SPY,yfinance
2010-07-30,-0.0001816264252336719,SPY,yfinance
2010-08-02,0.022581035728155063,SPY,yfinance
2010-08-03,-0.004788875904395695,SPY,yfinance
2010-08-04,0.006683406780349399,SPY,yfinance
2010-08-05,-0.0010623852288462743,SPY,yfinance
2010-08-06,-0.004076285422553116,SPY,yfinance
2010-08-09,0.005339070355012465,SPY,yfinance
2010-08-10,-0.005399001400758108,SPY,yfinance
2010-08-11,-0.027407028553323665,SPY,yfinance
2010-08-12,-0.006129517685149133,SPY,yfinance
2010-08-13,-0.0029460566011298983,SPY,yfinance
2010-08-16,-0.0004619001864490935,SPY,yfinance
2010-08-17,0.012285221017749759,SPY,yfinance
2010-08-18,0.0018251914601956631,SPY,yfinance
2010-08-19,-0.017396884499242704,SPY,yfinance
2010-08-20,-0.0032445966640228807,SPY,yfinance
2010-08-23,-0.0038125194970666243,SPY,yfinance
2010-08-24,-0.014843391618229007,SPY,yfinance
2010-08-25,0.003885444046301645,SPY,yfinance
2010-08-26,-0.00670199354041956,SPY,yfinance
2010-08-27,0.015489940600396324,SPY,yfinance
2010-08-30,-0.014505255916103632,SPY,yfinance
2010-08-31,0.0,SPY,yfinance
2010-09-01,0.02991189726219412,SPY,yfinance
2010-09-02,0.009311982490330717,SPY,yfinance
2010-09-03,0.012971670350564013,SPY,yfinance
2010-09-07,-0.011272641300838826,SPY,yfinance
2010-09-08,0.007023105785738393,SPY,yfinance
2010-09-09,0.004618934896076565,SPY,yfinance
2010-09-10,0.0050490945698611345,SPY,yfinance
2010-09-13,0.011122955305100879,SPY,yfinance
2010-09-14,-0.0006210917819793327,SPY,yfinance
2010-09-15,0.0038171493414596025,SPY,yfinance
2010-09-16,-0.0002651815783264455,SPY,yfinance
2010-09-17,0.0003733373813976648,SPY,yfinance
2010-09-20,0.015290574809899926,SPY,yfinance
2010-09-21,-0.0020141068458947586,SPY,yfinance
2010-09-22,-0.0049127777113834314,SPY,yfinance
2010-09-23,-0.008112009944085785,SPY,yfinance
2010-09-24,0.020622634991254385,SPY,yfinance
2010-09-27,-0.004789982441079532,SPY,yfinance
2010-09-28,0.0035002704358539916,SPY,yfinance
2010-09-29,-0.0017443374783229215,SPY,yfinance
2010-09-30,-0.002969949395462801,SPY,yfinance
2010-10-01,0.004205618507610476,SPY,yfinance
2010-10-04,-0.007503604617770221,SPY,yfinance
2010-10-05,0.020131844963388712,SPY,yfinance
2010-10-06,-8.646006004386919e-05,SPY,yfinance
2010-10-07,-0.0012067333084732068,SPY,yfinance
2010-10-08,0.005608963793817701,SPY,yfinance
2010-10-11,0.0009443063682841313,SPY,yfinance
2010-10-12,0.003086115728219374,SPY,yfinance
2010-10-13,0.007777037857558344,SPY,yfinance
2010-10-14,-0.0039007109430393427,SPY,yfinance
2010-10-15,0.002042851525972278,SPY,yfinance
2010-10-18,0.004928157408588207,SPY,yfinance
2010-10-19,-0.013104843679004552,SPY,yfinance
2010-10-20,0.009765889755517287,SPY,yfinance
2010-10-21,0.0022061529552188652,SPY,yfinance
2010-10-22,0.0018623409704290328,SPY,yfinance
2010-10-25,0.0029574389395929934,SPY,yfinance
2010-10-26,0.00016802875256516359,SPY,yfinance
2010-10-27,-0.002863629893491537,SPY,yfinance
2010-10-28,0.00016882268005335987,SPY,yfinance
2010-10-29,0.0007602530791990247,SPY,yfinance
2010-11-01,0.00033767127802897257,SPY,yfinance
2010-11-02,0.00793039127555173,SPY,yfinance
2010-11-03,0.004017722847217131,SPY,yfinance
2010-11-04,0.019258216795026373,SPY,yfinance
2010-11-05,0.0037621607896574094,SPY,yfinance
2010-11-08,-0.001873866157379167,SPY,yfinance
2010-11-09,-0.0071844515334104075,SPY,yfinance
2010-11-10,0.004029604773692075,SPY,yfinance
2010-11-11,-0.0037676665200579995,SPY,yfinance
2010-11-12,-0.011838227801380663,SPY,yfinance
2010-11-15,-0.0014142685225059237,SPY,yfinance
2010-11-16,-0.015579405385399592,SPY,yfinance
2010-11-17,0.0005079214476084726,SPY,yfinance
2010-11-18,0.014718247555476571,SPY,yfinance
2010-11-19,0.0027507284729140213,SPY,yfinance
2010-11-22,-0.0008312117765643112,SPY,yfinance
2010-11-23,-0.01447717439280305,SPY,yfinance
2010-11-24,0.0147742032510223,SPY,yfinance
2010-11-26,-0.011647350178489724,SPY,yfinance
2010-11-29,0.00303068843888199,SPY,yfinance
2010-11-30,-0.0056230090923494735,SPY,yfinance
2010-12-01,0.02126769094186609,SPY,yfinance
2010-12-02,0.012808702294578866,SPY,yfinance
2010-12-03,0.0026927850438343004,SPY,yfinance
2010-12-06,-0.001057893231642959,SPY,yfinance
2010-12-07,0.0005701246805844828,SPY,yfinance
2010-12-08,0.0036637588487982153,SPY,yfinance
2010-12-09,0.003893390336906055,SPY,yfinance
2010-12-10,0.005817882717306988,SPY,yfinance
2010-12-13,0.0006428448501223372,SPY,yfinance
2010-12-14,0.0008827788632490563,SPY,yfinance
2010-12-15,-0.004571838388331195,SPY,yfinance
2010-12-16,0.005801779878911173,SPY,yfinance
2010-12-17,0.001071093671285217,SPY,yfinance
2010-12-20,0.0024135167881778052,SPY,yfinance
2010-12-21,0.006340342639185481,SPY,yfinance
2010-12-22,0.0031102412977166427,SPY,yfinance
2010-12-23,-0.0014310389721389205,SPY,yfinance
2010-12-27,0.0003981026111072872,SPY,yfinance
2010-12-28,0.0014323603120391937,SPY,yfinance
2010-12-29,0.0007153544827436242,SPY,yfinance
2010-12-30,-0.001588522610437737,SPY,yfinance
2010-12-31,0.00023871318559054444,SPY,yfinance
2011-01-03,0.010338005115561488,SPY,yfinance
2011-01-04,-0.0005510615905190974,SPY,yfinance
2011-01-05,0.005197767005461262,SPY,yfinance
2011-01-06,-0.001958778451196297,SPY,yfinance
2011-01-07,-0.0019623872891186833,SPY,yfinance
2011-01-10,-0.0012584980077976482,SPY,yfinance
2011-01-11,0.003543828235454294,SPY,yfinance
2011-01-12,0.0090248698731481,SPY,yfinance
2011-01-13,-0.0016332795802875832,SPY,yfinance
2011-01-14,0.007244616667728687,SPY,yfinance
2011-01-18,0.001701217721064241,SPY,yfinance
2011-01-19,-0.009805229610213684,SPY,yfinance
2011-01-20,-0.0013255030482515195,SPY,yfinance
2011-01-21,0.0022642865943458546,SPY,yfinance
2011-01-24,0.005686333868419435,SPY,yfinance
2011-01-25,0.0005426986313010751,SPY,yfinance
2011-01-26,0.003870843370509025,SPY,yfinance
2011-01-27,0.002467423325672291,SPY,yfinance
2011-01-28,-0.017462707591311855,SPY,yfinance
2011-01-31,0.007516070659144614,SPY,yfinance
2011-02-01,0.016009252415318143,SPY,yfinance
2011-02-02,-0.0019124861103239077,SPY,yfinance
2011-02-03,0.0022223915044699005,SPY,yfinance
2011-02-04,0.0028292750441500925,SPY,yfinance
2011-02-07,0.006252442419891535,SPY,yfinance
2011-02-08,0.004546490284243143,SPY,yfinance
2011-02-09,-0.0022630320661837233,SPY,yfinance
2011-02-10,0.0003781031048835093,SPY,yfinance
2011-02-11,0.0059701235350169135,SPY,yfinance
2011-02-14,0.002404334127240171,SPY,yfinance
2011-02-15,-0.0031477493543400348,SPY,yfinance
2011-02-16,0.006315603490081312,SPY,yfinance
2011-02-17,0.002987922418914213,SPY,yfinance
2011-02-18,0.0020856575899828034,SPY,yfinance
2011-02-22,-0.020069812827939848,SPY,yfinance
2011-02-23,-0.0061441062398236435,SPY,yfinance
2011-02-24,-0.000686788600774757,SPY,yfinance
2011-02-25,0.010692180191817391,SPY,yfinance
2011-02-28,0.0061970684857570735,SPY,yfinance
2011-03-01,-0.016672812825067274,SPY,yfinance
2011-03-02,0.0021385429693308033,SPY,yfinance
2011-03-03,0.017224191227232843,SPY,yfinance
2011-03-04,-0.00749272339988416,SPY,yfinance
2011-03-07,-0.007850498699774389,SPY,yfinance
2011-03-08,0.008749972893398628,SPY,yfinance
2011-03-09,-0.001433296282752683,SPY,yfinance
2011-03-10,-0.018505954201933017,SPY,yfinance
2011-03-11,0.006926817119683459,SPY,yfinance
2011-03-14,-0.006038416755314802,SPY,yfinance
2011-03-15,-0.011457290589960811,SPY,yfinance
2011-03-16,-0.01851261100157353,SPY,yfinance
2011-03-17,0.013235194000493333,SPY,yfinance
2011-03-18,0.0036371978808511507,SPY,yfinance
2011-03-21,0.015497853763837499,SPY,yfinance
2011-03-22,-0.0034683249422617912,SPY,yfinance
2011-03-23,0.0028615922596459953,SPY,yfinance
2011-03-24,0.00956351483955542,SPY,yfinance
2011-03-25,0.0030555084155603485,SPY,yfinance
2011-03-28,-0.0024370970812014336,SPY,yfinance
2011-03-29,0.006718333327885295,SPY,yfinance
2011-03-30,0.006901470977236146,SPY,yfinance
2011-03-31,-0.0013559094252504345,SPY,yfinance
2011-04-01,0.004223820349194218,SPY,yfinance
2011-04-04,0.0008261799742739218,SPY,yfinance
2011-04-05,-0.00015026035539300597,SPY,yfinance
2011-04-06,0.003152354614523123,SPY,yfinance
2011-04-07,-0.0025437272495049124,SPY,yfinance
2011-04-08,-0.003450250394657406,SPY,yfinance
2011-04-11,-0.003010507322570022,SPY,yfinance
2011-04-12,-0.0074743503316822,SPY,yfinance
2011-04-13,-7.596376278584671e-05,SPY,yfinance
2011-04-14,0.0007603770179360758,SPY,yfinance
2011-04-15,0.0036488378605432636,SPY,yfinance
2011-04-18,-0.011208807600020854,SPY,yfinance
2011-04-19,0.005744237154323928,SPY,yfinance
2011-04-20,0.01363235987282585,SPY,yfinance
2011-04-21,0.00510893317084804,SPY,yfinance
2011-04-25,-0.0010467663560778107,SPY,yfinance
2011-04-26,0.008605159489565972,SPY,yfinance
2011-04-27,0.006528653786403549,SPY,yfinance
2011-04-28,0.003243190163012999,SPY,yfinance
2011-04-29,0.0023511918326004633,SPY,yfinance
2011-05-02,-0.001539213488910951,SPY,yfinance
2011-05-03,-0.0035973271276138474,SPY,yfinance
2011-05-04,-0.0066308188116361855,SPY,yfinance
2011-05-05,-0.009048371289475443,SPY,yfinance
2011-05-06,0.004415591926004714,SPY,yfinance
2011-05-09,0.0038751025108851866,SPY,yfinance
2011-05-10,0.008536248717208705,SPY,yfinance
2011-05-11,-0.010524668058718878,SPY,yfinance
2011-05-12,0.004760424904676652,SPY,yfinance
2011-05-13,-0.0076994175459769165,SPY,yfinance
2011-05-16,-0.006341068547528916,SPY,yfinance
2011-05-17,-0.0001502645665610869,SPY,yfinance
2011-05-18,0.008935954271433788,SPY,yfinance
2011-05-19,0.002381815204043791,SPY,yfinance
2011-05-20,-0.007944965455546904,SPY,yfinance
2011-05-23,-0.011600626176260342,SPY,yfinance
2011-05-24,-0.0008331497387981113,SPY,yfinance
2011-05-25,0.003334698675024894,SPY,yfinance
2011-05-26,0.004607454101262842,SPY,yfinance
2011-05-27,0.0038346004034939263,SPY,yfinance
2011-05-31,0.01041112293773283,SPY,yfinance
2011-06-01,-0.022461161095004734,SPY,yfinance
2011-06-02,-0.0010613240047161465,SPY,yfinance
2011-06-03,-0.009944761737894492,SPY,yfinance
2011-06-06,-0.010581138860784933,SPY,yfinance
2011-06-07,-0.0006198485171399204,SPY,yfinance
2011-06-08,-0.004187518361652209,SPY,yfinance
2011-06-09,0.007631257583922357,SPY,yfinance
2011-06-10,-0.013910138319590537,SPY,yfinance
2011-06-13,0.000783378852906802,SPY,yfinance
2011-06-14,0.012686043293903326,SPY,yfinance
2011-06-15,-0.01778516012565079,SPY,yfinance
2011-06-16,0.002204401764117181,SPY,yfinance
2011-06-17,0.0029839177089794333,SPY,yfinance
2011-06-20,0.0051162678617258095,SPY,yfinance
2011-06-21,0.013703789193959759,SPY,yfinance
2011-06-22,-0.006025526649015789,SPY,yfinance
2011-06-23,-0.002875442487569657,SPY,yfinance
2011-06-24,-0.011613553011576516,SPY,yfinance
2011-06-27,0.00891115140136245,SPY,yfinance
2011-06-28,0.013052969651077051,SPY,yfinance
2011-06-29,0.008564069375459615,SPY,yfinance
2011-06-30,0.009562336642152447,SPY,yfinance
2011-07-01,0.014776057637818862,SPY,yfinance
2011-07-05,-0.0008212246471860363,SPY,yfinance
2011-07-06,0.001195900957098317,SPY,yfinance
2011-07-07,0.010375440503792133,SPY,yfinance
2011-07-08,-0.007092361068768649,SPY,yfinance
2011-07-11,-0.0180804840629607,SPY,yfinance
2011-07-12,-0.00431890235643928,SPY,yfinance
2011-07-13,0.0033484234955318826,SPY,yfinance
2011-07-14,-0.006902357041526197,SPY,yfinance
2011-07-15,0.005804705892858308,SPY,yfinance
2011-07-18,-0.00820128610154136,SPY,yfinance
2011-07-19,0.01623165991065001,SPY,yfinance
2011-07-20,-0.0006030771941047952,SPY,yfinance
2011-07-21,0.013871302942826791,SPY,yfinance
2011-07-22,0.0006692241184718117,SPY,yfinance
2011-07-25,-0.005573137975583009,SPY,yfinance
2011-07-26,-0.0037356803485401047,SPY,yfinance
2011-07-27,-0.020475663960957236,SPY,yfinance
2011-07-28,-0.002909497269430239,SPY,yfinance
2011-07-29,-0.006834607475147969,SPY,yfinance
2011-08-01,-0.00425254097922978,SPY,yfinance
2011-08-02,-0.025547661465615157,SPY,yfinance
2011-08-03,0.00541870641579556,SPY,yfinance
2011-08-04,-0.0468414976991095,SPY,yfinance
2011-08-05,-0.0014966578129929076,SPY,yfinance
2011-08-08,-0.06512364944393545,SPY,yfinance
2011-08-09,0.046499573355494705,SPY,yfinance
2011-08-10,-0.04417789500308211,SPY,yfinance
2011-08-11,0.04488390236705864,SPY,yfinance
2011-08-12,0.0067332438832699015,SPY,yfinance
2011-08-15,0.0211647241623778,SPY,yfinance
2011-08-16,-0.008538904574355133,SPY,yfinance
2011-08-17,0.0006690090406111793,SPY,yfinance
2011-08-18,-0.04311871520891497,SPY,yfinance
2011-08-19,-0.01633070358302069,SPY,yfinance
2011-08-22,0.0007990407991955717,SPY,yfinance
2011-08-23,0.03291082611930429,SPY,yfinance
2011-08-24,0.01408438360080888,SPY,yfinance
2011-08-25,-0.015243897578447907,SPY,yfinance
2011-08-26,0.014534149794457552,SPY,yfinance
2011-08-29,0.02873577216243639,SPY,yfinance
2011-08-30,0.0026367625124983363,SPY,yfinance
2011-08-31,0.00443806423402604,SPY,yfinance
2011-09-01,-0.010472996142688262,SPY,yfinance
2011-09-02,-0.02554991076771229,SPY,yfinance
2011-09-06,-0.007297759219765387,SPY,yfinance
2011-09-07,0.028208020718736293,SPY,yfinance
2011-09-08,-0.010391787453500556,SPY,yfinance
2011-09-09,-0.0262097450455393,SPY,yfinance
2011-09-12,0.0064701780681486465,SPY,yfinance
2011-09-13,0.009171001488954555,SPY,yfinance
2011-09-14,0.01384413797131101,SPY,yfinance
2011-09-15,0.017257470274448128,SPY,yfinance
2011-09-16,0.005918585486055505,SPY,yfinance
2011-09-19,-0.009957385168818833,SPY,yfinance
2011-09-20,-0.0011636481972711055,SPY,yfinance
2011-09-21,-0.02945803656617596,SPY,yfinance
2011-09-22,-0.03232481215309824,SPY,yfinance
2011-09-23,0.006025450124880205,SPY,yfinance
2011-09-26,0.023780256845421732,SPY,yfinance
2011-09-27,0.011183890747104464,SPY,yfinance
2011-09-28,-0.020418859758729924,SPY,yfinance
2011-09-29,0.007903465758896555,SPY,yfinance
2011-09-30,-0.024989300031367345,SPY,yfinance
2011-10-03,-0.028457582808543158,SPY,yfinance
2011-10-04,0.021923027261999906,SPY,yfinance
2011-10-05,0.01851484471770104,SPY,yfinance
2011-10-06,0.018091354166783313,SPY,yfinance
2011-10-07,-0.006695613382799004,SPY,yfinance
2011-10-10,0.03344536250265895,SPY,yfinance
2011-10-11,0.001003996284389519,SPY,yfinance
2011-10-12,0.008771709509598269,SPY,yfinance
2011-10-13,-0.001987719404222932,SPY,yfinance
2011-10-14,0.017093834630991456,SPY,yfinance
2011-10-17,-0.019091011661814816,SPY,yfinance
2011-10-18,0.019546195794978072,SPY,yfinance
2011-10-19,-0.011829322531897057,SPY,yfinance
2011-10-20,0.004375539974752485,SPY,yfinance
2011-10-21,0.01898726023875641,SPY,yfinance
2011-10-24,0.012261377812798013,SPY,yfinance
2011-10-25,-0.01944396006629434,SPY,yfinance
2011-10-26,0.010158322663964992,SPY,yfinance
2011-10-27,0.03483530101299981,SPY,yfinance
2011-10-28,-0.00023349276283546327,SPY,yfinance
2011-10-31,-0.024105575947403368,SPY,yfinance
2011-11-01,-0.027888538837861354,SPY,yfinance
2011-11-02,0.016311584231179177,SPY,yfinance
2011-11-03,0.01822708004923479,SPY,yfinance
2011-11-04,-0.006098672116093162,SPY,yfinance
2011-11-07,0.00621590507840275,SPY,yfinance
2011-11-08,0.012830295442015416,SPY,yfinance
2011-11-09,-0.036909298604238194,SPY,yfinance
2011-11-10,0.00941854215962512,SPY,yfinance
2011-11-11,0.018822591772206243,SPY,yfinance
2011-11-14,-0.009474392393030384,SPY,yfinance
2011-11-15,0.004941919230210479,SPY,yfinance
2011-11-16,-0.01586301004022217,SPY,yfinance
2011-11-17,-0.015876646174478704,SPY,yfinance
2011-11-18,-0.0010644005949859148,SPY,yfinance
2011-11-21,-0.019019868029165554,SPY,yfinance
2011-11-22,-0.003927712494839253,SPY,yfinance
2011-11-23,-0.02206557996618408,SPY,yfinance
2011-11-25,-0.0018873351087035362,SPY,yfinance
2011-11-28,0.028966888509111444,SPY,yfinance
2011-11-29,0.002840166156266255,SPY,yfinance
2011-11-30,0.04114931968055391,SPY,yfinance
2011-12-01,-0.00016001109115815204,SPY,yfinance
2011-12-02,-0.0008800046567603026,SPY,yfinance
2011-12-05,0.010891764823834249,SPY,yfinance
2011-12-06,0.00031713795219778795,SPY,yfinance
2011-12-07,0.003722476648450046,SPY,yfinance
2011-12-08,-0.021936398956637793,SPY,yfinance
2011-12-09,0.016942372806953987,SPY,yfinance
2011-12-12,-0.014597225035208994,SPY,yfinance
2011-12-13,-0.009339158790855673,SPY,yfinance
2011-12-14,-0.010646084285112045,SPY,yfinance
2011-12-15,0.0036142209774121525,SPY,yfinance
2011-12-16,0.0014824174400380752,SPY,yfinance
2011-12-19,-0.01069160133075886,SPY,yfinance
2011-12-20,0.0302604514130711,SPY,yfinance
2011-12-21,0.0019363648851213888,SPY,yfinance
2011-12-22,0.008858589923826266,SPY,yfinance
2011-12-23,0.008940937301471052,SPY,yfinance
2011-12-27,0.0007912444500517424,SPY,yfinance
2011-12-28,-0.01312380874797714,SPY,yfinance
2011-12-29,0.010334299139060699,SPY,yfinance
2011-12-30,-0.004915906987479679,SPY,yfinance
2012-01-03,0.015936253425366864,SPY,yfinance
2012-01-04,0.0015686349825805301,SPY,yfinance
2012-01-05,0.002662173156461556,SPY,yfinance
2012-01-06,-0.00257715298683614,SPY,yfinance
2012-01-09,0.0024274287018555274,SPY,yfinance
2012-01-10,0.008670681212394227,SPY,yfinance
2012-01-11,0.0005421184794740519,SPY,yfinance
2012-01-12,0.002398751475670702,SPY,yfinance
2012-01-13,-0.005172945941966156,SPY,yfinance
2012-01-17,0.003880915518682526,SPY,yfinance
2012-01-18,0.011056044027279555,SPY,yfinance
2012-01-19,0.005276274300050732,SPY,yfinance
2012-01-20,0.003727645396983892,SPY,yfinance
2012-01-23,-0.002576946325656082,SPY,yfinance
2012-01-24,-0.0011397925198055603,SPY,yfinance
2012-01-25,0.008367867264530426,SPY,yfinance
2012-01-26,-0.005129584785300678,SPY,yfinance
2012-01-27,-0.00045528049995002817,SPY,yfinance
2012-01-30,-0.003413632700076441,SPY,yfinance
2012-01-31,-0.0003806994192432356,SPY,yfinance
2012-02-01,0.008757332895752645,SPY,yfinance
2012-02-02,0.0015849061626120875,SPY,yfinance
2012-02-03,0.014018859588089239,SPY,yfinance
2012-02-06,-0.0006688365207599967,SPY,yfinance
2012-02-07,0.002528957267368126,SPY,yfinance
2012-02-08,0.002967084552935262,SPY,yfinance
2012-02-09,0.0012579198706057504,SPY,yfinance
2012-02-10,-0.007387886968231117,SPY,yfinance
2012-02-13,0.007442874080657802,SPY,yfinance
2012-02-14,-0.001256339496189196,SPY,yfinance
2012-02-15,-0.004659636023399583,SPY,yfinance
2012-02-16,0.011072921372343947,SPY,yfinance
2012-02-17,0.0026462286849577854,SPY,yfinance
2012-02-21,0.00043958688885070707,SPY,yfinance
2012-02-22,-0.0032238954400806152,SPY,yfinance
2012-02-23,0.004410524948451622,SPY,yfinance
2012-02-24,0.002195901418930335,SPY,yfinance
2012-02-27,0.0016798523584027336,SPY,yfinance
2012-02-28,0.002916244503789356,SPY,yfinance
2012-02-29,-0.003925485973810705,SPY,yfinance
2012-03-01,0.005181503083388828,SPY,yfinance
2012-03-02,-0.0030493244840957834,SPY,yfinance
2012-03-05,-0.004078582186220259,SPY,yfinance
2012-03-06,-0.014625230483344076,SPY,yfinance
2012-03-07,0.0069759672585298915,SPY,yfinance
2012-03-08,0.009948891238285462,SPY,yfinance
2012-03-09,0.0038679079003927086,SPY,yfinance
2012-03-12,7.248057727005097e-05,SPY,yfinance
2012-03-13,0.01802578071159666,SPY,yfinance
2012-03-14,-0.0010704680134828726,SPY,yfinance
2012-03-15,0.005788625995743812,SPY,yfinance
2012-03-16,0.0013848661884181546,SPY,yfinance
2012-03-19,0.003920515906890465,SPY,yfinance
2012-03-20,-0.0029110235179182764,SPY,yfinance
2012-03-21,-0.001637526763792474,SPY,yfinance
2012-03-22,-0.00720366486189028,SPY,yfinance
2012-03-23,0.0032330486679332804,SPY,yfinance
2012-03-26,0.014034933842793862,SPY,yfinance
2012-03-27,-0.0031075076155422376,SPY,yfinance
2012-03-28,-0.004957916771381354,SPY,yfinance
2012-03-29,-0.0017086145386150386,SPY,yfinance
2012-03-30,0.004135900263827708,SPY,yfinance
2012-04-02,0.007314739202609832,SPY,yfinance
2012-04-03,-0.004089092914966175,SPY,yfinance
2012-04-04,-0.009911031163669759,SPY,yfinance
2012-04-05,-0.0005002959939365281,SPY,yfinance
2012-04-09,-0.011231215120896754,SPY,yfinance
2012-04-10,-0.016784889775122158,SPY,yfinance
2012-04-11,0.008094467022760954,SPY,yfinance
2012-04-12,0.013065404255122148,SPY,yfinance
2012-04-13,-0.011888454517073765,SPY,yfinance
2012-04-16,-0.000656208806950831,SPY,yfinance
2012-04-17,0.014812391249386492,SPY,yfinance
2012-04-18,-0.0033793001074989837,SPY,yfinance
2012-04-19,-0.006421010573236852,SPY,yfinance
2012-04-20,0.0016700095417989669,SPY,yfinance
2012-04-23,-0.008408728076931604,SPY,yfinance
2012-04-24,0.0038014610979393293,SPY,yfinance
2012-04-25,0.013691444211001214,SPY,yfinance
2012-04-26,0.00696905514751478,SPY,yfinance
2012-04-27,0.001640797652258108,SPY,yfinance
2012-04-30,-0.0037042594190274114,SPY,yfinance
2012-05-01,0.006220448910910781,SPY,yfinance
2012-05-02,-0.00298376822050217,SPY,yfinance
2012-05-03,-0.007625711583194805,SPY,yfinance
2012-05-04,-0.01615810276458396,SPY,yfinance
2012-05-07,0.0007301267880792661,SPY,yfinance
2012-05-08,-0.004011807232377929,SPY,yfinance
2012-05-09,-0.005932037918306876,SPY,yfinance
2012-05-10,0.002062785791061339,SPY,yfinance
2012-05-11,-0.003014320657958258,SPY,yfinance
2012-05-14,-0.011061283458377869,SPY,yfinance
2012-05-15,-0.005741245115673199,SPY,yfinance
2012-05-16,-0.0038249997696180316,SPY,yfinance
2012-05-17,-0.014831017889537224,SPY,yfinance
2012-05-18,-0.008558843727398457,SPY,yfinance
2012-05-21,0.01718848926249339,SPY,yfinance
2012-05-22,0.0017431421739388941,SPY,yfinance
2012-05-23,0.0005290627474909826,SPY,yfinance
2012-05-24,0.0019656836650883136,SPY,yfinance
2012-05-25,-0.003244399270310061,SPY,yfinance
2012-05-29,0.012111955079770143,SPY,yfinance
2012-05-30,-0.014509999229751158,SPY,yfinance
2012-05-31,-0.002201329501767657,SPY,yfinance
2012-06-01,-0.02517664620555582,SPY,yfinance
2012-06-04,-0.00046812557179309877,SPY,yfinance
2012-06-05,0.007571929793041443,SPY,yfinance
2012-06-06,0.02246876729069247,SPY,yfinance
2012-06-07,0.0006062460636311329,SPY,yfinance
2012-06-08,0.007951383178209204,SPY,yfinance
2012-06-11,-0.012697304358848305,SPY,yfinance
2012-06-12,0.011490955161297167,SPY,yfinance
2012-06-13,-0.0063949967549222775,SPY,yfinance
2012-06-14,0.010600757854169585,SPY,yfinance
2012-06-15,0.010226888633093179,SPY,yfinance
2012-06-18,0.0019383430436121785,SPY,yfinance
2012-06-19,0.009672893505989544,SPY,yfinance
2012-06-20,-0.0016214294360044068,SPY,yfinance
2012-06-21,-0.022438619107697177,SPY,yfinance
2012-06-22,0.007701401968394972,SPY,yfinance
2012-06-25,-0.01603457013018106,SPY,yfinance
2012-06-26,0.005025865535563723,SPY,yfinance
2012-06-27,0.009016358676048108,SPY,yfinance
2012-06-28,-0.002853435261544579,SPY,yfinance
2012-06-29,0.02492647271024273,SPY,yfinance
2012-07-02,0.0030127743514416494,SPY,yfinance
2012-07-03,0.006592573271937852,SPY,yfinance
2012-07-05,-0.004511592679978138,SPY,yfinance
2012-07-06,-0.009503672215085635,SPY,yfinance
2012-07-09,-0.0012546726208121362,SPY,yfinance
2012-07-10,-0.008720468796893366,SPY,yfinance
2012-07-11,0.0001492090186183681,SPY,yfinance
2012-07-12,-0.004845279302127081,SPY,yfinance
2012-07-13,0.016778062368076663,SPY,yfinance
2012-07-16,-0.00235681459751369,SPY,yfinance
2012-07-17,0.006866647362810063,SPY,yfinance
2012-07-18,0.007406795001404065,SPY,yfinance
2012-07-19,0.0026204925853705596,SPY,yfinance
2012-07-20,-0.009148104636470089,SPY,yfinance
2012-07-23,-0.010112036444279826,SPY,yfinance
2012-07-24,-0.00858679856206812,SPY,yfinance
2012-07-25,0.00022391085406958666,SPY,yfinance
2012-07-26,0.016497615966520662,SPY,yfinance
2012-07-27,0.018432635677881004,SPY,yfinance
2012-07-30,0.0,SPY,yfinance
2012-07-31,-0.0069945866843726945,SPY,yfinance
2012-08-01,-0.0008712704436278917,SPY,yfinance
2012-08-02,-0.006905164968627475,SPY,yfinance
2012-08-03,0.01983311464421833,SPY,yfinance
2012-08-06,0.0019377929003245864,SPY,yfinance
2012-08-07,0.005014494741569342,SPY,yfinance
2012-08-08,0.0012111389940501205,SPY,yfinance
2012-08-09,0.0008540296429151439,SPY,yfinance
2012-08-10,0.0016353266434045999,SPY,yfinance
2012-08-13,-0.0004967337910549707,SPY,yfinance
2012-08-14,0.00014197478238409111,SPY,yfinance
2012-08-15,0.0011368084974867632,SPY,yfinance
2012-08-16,0.007378627571692498,SPY,yfinance
2012-08-17,0.0013380594168621585,SPY,yfinance
2012-08-20,7.014691343010249e-05,SPY,yfinance
2012-08-21,-0.0030242252567808103,SPY,yfinance
2012-08-22,0.0004228129558430105,SPY,yfinance
2012-08-23,-0.008179115382299984,SPY,yfinance
2012-08-24,0.006043062076540151,SPY,yfinance
2012-08-27,0.00021219132760674775,SPY,yfinance
2012-08-28,-0.0009891021913239761,SPY,yfinance
2012-08-29,0.0007777251289542431,SPY,yfinance
2012-08-30,-0.007207717758521914,SPY,yfinance
2012-08-31,0.004768809818157305,SPY,yfinance
2012-09-04,-0.0009209049900142929,SPY,yfinance
2012-09-05,-0.000851034907565662,SPY,yfinance
2012-09-06,0.020296751979888894,SPY,yfinance
2012-09-07,0.0038953793883582666,SPY,yfinance
2012-09-10,-0.005681755545164813,SPY,yfinance
2012-09-11,0.0027875805357191474,SPY,yfinance
2012-09-12,0.003335137160894952,SPY,yfinance
2012-09-13,0.015236706349313067,SPY,yfinance
2012-09-14,0.004434029221864755,SPY,yfinance
2012-09-17,-0.0033956436871099838,SPY,yfinance
2012-09-18,-0.0008177867460232857,SPY,yfinance
2012-09-19,0.0005453726992461494,SPY,yfinance
2012-09-20,6.83824307943226e-05,SPY,yfinance
2012-09-21,-0.00041813592320583126,SPY,yfinance
2012-09-24,-0.0015081815724385939,SPY,yfinance
2012-09-25,-0.010641859535669984,SPY,yfinance
2012-09-26,-0.0056210287847516804,SPY,yfinance
2012-09-27,0.00942120422881998,SPY,yfinance
2012-09-28,-0.004632476333218061,SPY,yfinance
2012-10-01,0.0026401157637172545,SPY,yfinance
2012-10-02,0.0010390391101087193,SPY,yfinance
2012-10-03,0.004082720827259134,SPY,yfinance
2012-10-04,0.007168072101879419,SPY,yfinance
2012-10-05,6.841672601409776e-05,SPY,yfinance
2012-10-08,-0.003421064517841632,SPY,yfinance
2012-10-09,-0.009887603968399938,SPY,yfinance
2012-10-10,-0.006380122100017482,SPY,yfinance
2012-10-11,0.0005582882501034003,SPY,yfinance
2012-10-12,-0.0032783236975931773,SPY,yfinance
2012-10-15,0.008327887058590777,SPY,yfinance
2012-10-16,0.010133243885191101,SPY,yfinance
2012-10-17,0.004534804430052608,SPY,yfinance
2012-10-18,-0.00259925132743144,SPY,yfinance
2012-10-19,-0.016664186030135975,SPY,yfinance
2012-10-22,0.0001399192802373772,SPY,yfinance
2012-10-23,-0.013876651122703532,SPY,yfinance
2012-10-24,-0.0028284962294677918,SPY,yfinance
2012-10-25,0.0029074836207261257,SPY,yfinance
2012-10-26,-0.0005657956856646162,SPY,yfinance
2012-10-31,0.0,SPY,yfinance
2012-11-01,0.010470551488597657,SPY,yfinance
2012-11-02,-0.008891635635702166,SPY,yfinance
2012-11-05,0.002048887247324993,SPY,yfinance
2012-11-06,0.007825161900546496,SPY,yfinance
2012-11-07,-0.022664146080586534,SPY,yfinance
2012-11-08,-0.012024090174321933,SPY,yfinance
2012-11-09,0.0008698855858917387,SPY,yfinance
2012-11-12,0.000795997771262158,SPY,yfinance
2012-11-13,-0.0034713800979744303,SPY,yfinance
2012-11-14,-0.013499174025220495,SPY,yfinance
2012-11-15,-0.0016920193878315892,SPY,yfinance
2012-11-16,0.004937239820809847,SPY,yfinance
2012-11-19,0.02023914720472786,SPY,yfinance
2012-11-20,0.00043156991498527475,SPY,yfinance
2012-11-21,0.0018674575877051236,SPY,yfinance
2012-11-23,0.013625126364263496,SPY,yfinance
2012-11-26,-0.0021220474255274624,SPY,yfinance
2012-11-27,-0.005104647322646372,SPY,yfinance
2012-11-28,0.008051929779101519,SPY,yfinance
2012-11-29,0.004665871227548024,SPY,yfinance
2012-11-30,0.00021104144676109549,SPY,yfinance
2012-12-03,-0.004924619178737322,SPY,yfinance
2012-12-04,-0.0014133346996387797,SPY,yfinance
2012-12-05,0.0017694420856666504,SPY,yfinance
2012-12-06,0.003392550193292987,SPY,yfinance
2012-12-07,0.003028657342144081,SPY,yfinance
2012-12-10,0.00042095222619153994,SPY,yfinance
2012-12-11,0.006808604430832199,SPY,yfinance
2012-12-12,0.00048803303177646917,SPY,yfinance
2012-12-13,-0.006131799323273568,SPY,yfinance
2012-12-14,-0.0037160814451275836,SPY,yfinance
2012-12-17,0.011752207639131873,SPY,yfinance
2012-12-18,0.011128986062035606,SPY,yfinance
2012-12-19,-0.007429495274149045,SPY,yfinance
2012-12-20,0.005752608410504401,SPY,yfinance
2012-12-21,-0.009077102705854379,SPY,yfinance
2012-12-24,-0.0030816695789330772,SPY,yfinance
2012-12-26,-0.004214826147256545,SPY,yfinance
2012-12-27,-0.0013405166457961526,SPY,yfinance
2012-12-28,-0.010808114872469132,SPY,yfinance
2012-12-31,0.01699642777616517,SPY,yfinance
2013-01-02,0.025630144102147367,SPY,yfinance
2013-01-03,-0.0022591309467349108,SPY,yfinance
2013-01-04,0.004391460579825868,SPY,yfinance
2013-01-07,-0.002732711582855485,SPY,yfinance
2013-01-08,-0.0028774657662121728,SPY,yfinance
2013-01-09,0.002542173756727051,SPY,yfinance
2013-01-10,0.00794905324587769,SPY,yfinance
2013-01-11,-6.762644532798401e-05,SPY,yfinance
2013-01-14,-0.000679502790821962,SPY,yfinance
2013-01-15,0.0006799648288209337,SPY,yfinance
2013-01-16,-0.00013558781356803884,SPY,yfinance
2013-01-17,0.006460224635808309,SPY,yfinance
2013-01-18,0.002229712003410267,SPY,yfinance
2013-01-22,0.005393268327712697,SPY,yfinance
2013-01-23,0.0016092047229812056,SPY,yfinance
2013-01-24,0.00026821895365602977,SPY,yfinance
2013-01-25,0.005621980540003513,SPY,yfinance
2013-01-28,-0.0011979705674498575,SPY,yfinance
2013-01-29,0.003931532889808853,SPY,yfinance
2013-01-30,-0.003916136470474174,SPY,yfinance
2013-01-31,-0.00246541311648818,SPY,yfinance
2013-02-01,0.010286858865212967,SPY,yfinance
2013-02-04,-0.011240143134816694,SPY,yfinance
2013-02-05,0.010097747901623766,SPY,yfinance
2013-02-06,0.0007278914240256285,SPY,yfinance
2013-02-07,-0.0013228682125824287,SPY,yfinance
2013-02-08,0.005564193250376714,SPY,yfinance
2013-02-11,-0.00019751787760891037,SPY,yfinance
2013-02-12,0.0016471282746601812,SPY,yfinance
2013-02-13,0.0008553655086496192,SPY,yfinance
2013-02-14,0.0009201333683248603,SPY,yfinance
2013-02-15,-0.0011819860171400354,SPY,yfinance
2013-02-19,0.0074944131766003785,SPY,yfinance
2013-02-20,-0.012463386932871079,SPY,yfinance
2013-02-21,-0.006078855495752156,SPY,yfinance
2013-02-22,0.009772646006638963,SPY,yfinance
2013-02-25,-0.019026688414193194,SPY,yfinance
2013-02-26,0.006845277562371299,SPY,yfinance
2013-02-27,0.012598552642891336,SPY,yfinance
2013-02-28,-0.0019747573453674505,SPY,yfinance
2013-03-01,0.003297795614791932,SPY,yfinance
2013-03-04,0.0053255149093880405,SPY,yfinance
2013-03-05,0.008957924917105231,SPY,yfinance
2013-03-06,0.0013616786065850928,SPY,yfinance
2013-03-07,0.0018119035251613624,SPY,yfinance
2013-03-08,0.004264022318651195,SPY,yfinance
2013-03-11,0.0037956500103812907,SPY,yfinance
2013-03-12,-0.002242947951656471,SPY,yfinance
2013-03-13,0.0014127339201956968,SPY,yfinance
2013-03-14,0.0053248831476633285,SPY,yfinance
2013-03-15,-0.001321036349867799,SPY,yfinance
2013-03-18,-0.00551850682093491,SPY,yfinance
2013-03-19,-0.002322900105138137,SPY,yfinance
2013-03-20,0.0069851107094232034,SPY,yfinance
2013-03-21,-0.008542312353935322,SPY,yfinance
2013-03-22,0.008033355889414784,SPY,yfinance
2013-03-25,-0.004177520175171701,SPY,yfinance
2013-03-26,0.008002212992935576,SPY,yfinance
2013-03-27,0.0,SPY,yfinance
2013-03-28,0.0030733746671420814,SPY,yfinance
2013-04-01,-0.003957363744203191,SPY,yfinance
2013-04-02,0.004934354814187136,SPY,yfinance
2013-04-03,-0.010139082128639676,SPY,yfinance
2013-04-04,0.0040589114631846,SPY,yfinance
2013-04-05,-0.004491894764050763,SPY,yfinance
2013-04-08,0.0067675988003637055,SPY,yfinance
2013-04-09,0.003457118128544101,SPY,yfinance
2013-04-10,0.01224841670653043,SPY,yfinance
2013-04-11,0.0032774992449882134,SPY,yfinance
2013-04-12,-0.002450154179629793,SPY,yfinance
2013-04-15,-0.023173325195154137,SPY,yfinance
2013-04-16,0.014762349584851453,SPY,yfinance
2013-04-17,-0.014611774291553581,SPY,yfinance
2013-04-18,-0.006253512665152949,SPY,yfinance
2013-04-19,0.008693568857162548,SPY,yfinance
2013-04-22,0.004437651166773193,SPY,yfinance
2013-04-23,0.010309811128619284,SPY,yfinance
2013-04-24,0.000633294531900086,SPY,yfinance
2013-04-25,0.004053867389126609,SPY,yfinance
2013-04-26,-0.0017660789706791524,SPY,yfinance
2013-04-29,0.0066986292078947685,SPY,yfinance
2013-04-30,0.0023851022347509687,SPY,yfinance
2013-05-01,-0.008767501950494472,SPY,yfinance
2013-05-02,0.009287812802266648,SPY,yfinance
2013-05-03,0.010140869058498314,SPY,yfinance
2013-05-06,0.002540551936001778,SPY,yfinance
2013-05-07,0.005068699524406917,SPY,yfinance
2013-05-08,0.004550886427203915,SPY,yfinance
2013-05-09,-0.002816773410238338,SPY,yfinance
2013-05-10,0.003254284859158796,SPY,yfinance
2013-05-13,0.0007958408906691972,SPY,yfinance
2013-05-14,0.010333387700549146,SPY,yfinance
2013-05-15,0.005387005620033358,SPY,yfinance
2013-05-16,-0.004695767469233503,SPY,yfinance
2013-05-17,0.009676793973467657,SPY,yfinance
2013-05-20,-5.931743123288591e-05,SPY,yfinance
2013-05-21,0.0014373043280175857,SPY,yfinance
2013-05-22,-0.007417373463635357,SPY,yfinance
2013-05-23,-0.0028930833230994546,SPY,yfinance
2013-05-24,-0.0008457645577829576,SPY,yfinance
2013-05-28,0.005988728213284444,SPY,yfinance
2013-05-29,-0.0064940361957444015,SPY,yfinance
2013-05-30,0.0036915973921964884,SPY,yfinance
2013-05-31,-0.014352295992273723,SPY,yfinance
2013-06-03,0.005506605229763206,SPY,yfinance
2013-06-04,-0.004807057145782667,SPY,yfinance
2013-06-05,-0.01400030119965423,SPY,yfinance
2013-06-06,0.009052489532227037,SPY,yfinance
2013-06-07,0.01272053583551247,SPY,yfinance
2013-06-10,0.0,SPY,yfinance
2013-06-11,-0.01031539895556266,SPY,yfinance
2013-06-12,-0.008277454645846838,SPY,yfinance
2013-06-13,0.01520880747935549,SPY,yfinance
2013-06-14,-0.006272036512129597,SPY,yfinance
2013-06-17,0.0077211567411772375,SPY,yfinance
2013-06-18,0.00790554283745104,SPY,yfinance
2013-06-19,-0.013816958540029955,SPY,yfinance
2013-06-20,-0.024778264382187554,SPY,yfinance
2013-06-21,0.0032103016929494466,SPY,yfinance
2013-06-24,-0.01263551948265007,SPY,yfinance
2013-06-25,0.009614243007890488,SPY,yfinance
2013-06-26,0.00990013566994441,SPY,yfinance
2013-06-27,0.005870543685138951,SPY,yfinance
2013-06-28,-0.004097403559904289,SPY,yfinance
2013-07-01,0.005859465350702475,SPY,yfinance
2013-07-02,-0.0009295642480862121,SPY,yfinance
2013-07-03,0.0004343101485413392,SPY,yfinance
2013-07-05,0.010788551475419128,SPY,yfinance
2013-07-08,0.005704891297261039,SPY,yfinance
2013-07-09,0.007197715012577044,SPY,yfinance
2013-07-10,0.000362853835647714,SPY,yfinance
2013-07-11,0.013620868534163222,SPY,yfinance
2013-07-12,0.0004178105164698298,SPY,yfinance
2013-07-15,0.00382092773435172,SPY,yfinance
2013-07-16,-0.003746561635470713,SPY,yfinance
2013-07-17,0.002566505902691585,SPY,yfinance
2013-07-18,0.005477989162678387,SPY,yfinance
2013-07-19,0.0017765614595068868,SPY,yfinance
2013-07-22,0.001950561249149052,SPY,yfinance
2013-07-23,-0.002124129325324131,SPY,yfinance
2013-07-24,-0.003665386409041238,SPY,yfinance
2013-07-25,0.0024329088938577215,SPY,yfinance
2013-07-26,0.0010656483180788712,SPY,yfinance
2013-07-29,-0.003074913273259705,SPY,yfinance
2013-07-30,0.0,SPY,yfinance
2013-07-31,0.0007117147665165469,SPY,yfinance
2013-08-01,0.011558545786555907,SPY,yfinance
2013-08-02,0.001698985046329149,SPY,yfinance
2013-08-05,-0.001462177238530038,SPY,yfinance
2013-08-06,-0.005683045017170429,SPY,yfinance
2013-08-07,-0.0032402483642487434,SPY,yfinance
2013-08-08,0.003665080521830344,SPY,yfinance
2013-08-09,-0.0028859246594711285,SPY,yfinance
2013-08-12,-0.001181184406123914,SPY,yfinance
2013-08-13,0.002956621478602539,SPY,yfinance
2013-08-14,-0.005129293144955582,SPY,yfinance
2013-08-15,-0.013986450524122174,SPY,yfinance
2013-08-16,-0.003305261143007776,SPY,yfinance
2013-08-19,-0.0063923257298091896,SPY,yfinance
2013-08-20,0.00491654667972119,SPY,yfinance
2013-08-21,-0.006160576870063328,SPY,yfinance
2013-08-22,0.009114996164553135,SPY,yfinance
2013-08-23,0.0033722050300657447,SPY,yfinance
2013-08-26,-0.003721050286861538,SPY,yfinance
2013-08-27,-0.016083933034128917,SPY,yfinance
2013-08-28,0.0035513955920256635,SPY,yfinance
2013-08-29,0.0015859997570688567,SPY,yfinance
2013-08-30,-0.003167554731909883,SPY,yfinance
2013-09-03,0.004522011098648804,SPY,yfinance
2013-09-04,0.008272949132723584,SPY,yfinance
2013-09-05,0.0012666695522274285,SPY,yfinance
2013-09-06,0.0004821481667849348,SPY,yfinance
2013-09-09,0.009576247860183962,SPY,yfinance
2013-09-10,0.007397030386451009,SPY,yfinance
2013-09-11,0.00313840084742667,SPY,yfinance
2013-09-12,-0.0026563369529084557,SPY,yfinance
2013-09-13,0.00224911084799162,SPY,yfinance
2013-09-16,0.005787534546150663,SPY,yfinance
2013-09-17,0.004462747436979164,SPY,yfinance
2013-09-18,0.011574490632990209,SPY,yfinance
2013-09-19,-0.001676616470171255,SPY,yfinance
2013-09-20,-0.006991280728847471,SPY,yfinance
2013-09-23,-0.0046275834196920496,SPY,yfinance
2013-09-24,-0.0023543364104650077,SPY,yfinance
2013-09-25,-0.00288987105709293,SPY,yfinance
2013-09-26,0.003845073472378502,SPY,yfinance
2013-09-27,-0.004596013916265296,SPY,yfinance
2013-09-30,-0.005328739804193572,SPY,yfinance
2013-10-01,0.00791603712497313,SPY,yfinance
2013-10-02,-0.0009448150388767784,SPY,yfinance
2013-10-03,-0.009221188739246933,SPY,yfinance
2013-10-04,0.007577038027617444,SPY,yfinance
2013-10-07,-0.00864475676004528,SPY,yfinance
2013-10-08,-0.011646933421293193,SPY,yfinance
2013-10-09,0.0007257968328138187,SPY,yfinance
2013-10-10,0.021557719847386414,SPY,yfinance
2013-10-11,0.006443500826245785,SPY,yfinance
2013-10-14,0.00399401408177269,SPY,yfinance
2013-10-15,-0.007254631625632779,SPY,yfinance
2013-10-16,0.013966309457401405,SPY,yfinance
2013-10-17,0.006682969787782378,SPY,yfinance
2013-10-18,0.006755164670291469,SPY,yfinance
2013-10-21,5.653536958871719e-05,SPY,yfinance
2013-10-22,0.00579119051125887,SPY,yfinance
2013-10-23,-0.004788549861453828,SPY,yfinance
2013-10-24,0.003322520454560607,SPY,yfinance
2013-10-25,0.004567800494986063,SPY,yfinance
2013-10-28,0.0015909615436222602,SPY,yfinance
2013-10-29,0.00533429304594546,SPY,yfinance
2013-10-30,-0.00496730236836751,SPY,yfinance
2013-10-31,-0.00283605256966446,SPY,yfinance
2013-11-01,0.002388990893899434,SPY,yfinance
2013-11-04,0.0035186191946587897,SPY,yfinance
2013-11-05,-0.0031669436451724486,SPY,yfinance
2013-11-06,0.005106138220184908,SPY,yfinance
2013-11-07,-0.01264346090542745,SPY,yfinance
2013-11-08,0.013490981125259038,SPY,yfinance
2013-11-11,0.00016917566175855825,SPY,yfinance
2013-11-12,-0.002030190617430372,SPY,yfinance
2013-11-13,0.008025106889889777,SPY,yfinance
2013-11-14,0.004989088783735607,SPY,yfinance
2013-11-15,0.004350721574996053,SPY,yfinance
2013-11-18,-0.0034995925656448046,SPY,yfinance
2013-11-19,-0.002173070204073646,SPY,yfinance
2013-11-20,-0.003128237481036633,SPY,yfinance
2013-11-21,0.008068858549239444,SPY,yfinance
2013-11-22,0.005002513277116094,SPY,yfinance
2013-11-25,-0.0009953971889665736,SPY,yfinance
2013-11-26,0.0002763622736114968,SPY,yfinance
2013-11-27,0.0024353511334778144,SPY,yfinance
2013-11-29,-0.0006622886719334087,SPY,yfinance
2013-12-02,-0.0025967526452493894,SPY,yfinance
2013-12-03,-0.004320775439992208,SPY,yfinance
2013-12-04,-0.0001108549713305651,SPY,yfinance
2013-12-05,-0.00439570301613601,SPY,yfinance
2013-12-06,0.011177156982939085,SPY,yfinance
2013-12-09,0.0025419762194951456,SPY,yfinance
2013-12-10,-0.0035831866976250293,SPY,yfinance
2013-12-11,-0.011230959282064634,SPY,yfinance
2013-12-12,-0.003301168508181851,SPY,yfinance
2013-12-13,-0.0001124992975420902,SPY,yfinance
2013-12-16,0.006232165503071041,SPY,yfinance
2013-12-17,-0.003180565375530686,SPY,yfinance
2013-12-18,0.01707264392280594,SPY,yfinance
2013-12-19,-0.0011554872547135941,SPY,yfinance
2013-12-20,0.005816485011865824,SPY,yfinance
2013-12-23,0.005342288570494791,SPY,yfinance
2013-12-24,0.0021919207886880177,SPY,yfinance
2013-12-26,0.0050835447925576815,SPY,yfinance
2013-12-27,-5.425346667897735e-05,SPY,yfinance
2013-12-30,-0.0001633822976149224,SPY,yfinance
2013-12-31,0.004732933596163891,SPY,yfinance
2014-01-02,-0.009583102444613134,SPY,yfinance
2014-01-03,-0.00016452099588815106,SPY,yfinance
2014-01-06,-0.002897668871562842,SPY,yfinance
2014-01-07,0.006141716969458644,SPY,yfinance
2014-01-08,0.00021787279771090517,SPY,yfinance
2014-01-09,0.0006540901876748162,SPY,yfinance
2014-01-10,0.0027225713594494216,SPY,yfinance
2014-01-13,-0.01330493863685056,SPY,yfinance
2014-01-14,0.010897466583801085,SPY,yfinance
2014-01-15,0.005390149407606293,SPY,yfinance
2014-01-16,-0.0012993921351425186,SPY,yfinance
2014-01-17,-0.0042296139594882876,SPY,yfinance
2014-01-21,0.0029404589039028206,SPY,yfinance
2014-01-22,0.0006511342321786628,SPY,yfinance
2014-01-23,-0.008192796234848587,SPY,yfinance
2014-01-24,-0.021336042907018737,SPY,yfinance
2014-01-27,-0.004919127481786689,SPY,yfinance
2014-01-28,0.005954421826210643,SPY,yfinance
2014-01-29,-0.009604814397874528,SPY,yfinance
2014-01-30,0.01060052855410265,SPY,yfinance
2014-01-31,-0.00585865442019895,SPY,yfinance
2014-02-03,-0.022505356071055527,SPY,yfinance
2014-02-04,0.007004641178778082,SPY,yfinance
2014-02-05,-0.0012538945222685394,SPY,yfinance
2014-02-06,0.013186979586916836,SPY,yfinance
2014-02-07,0.012395729362590258,SPY,yfinance
2014-02-10,0.0018366143983794547,SPY,yfinance
2014-02-11,0.010943757697014611,SPY,yfinance
2014-02-12,0.0004945641811866519,SPY,yfinance
2014-02-13,0.005162963516295971,SPY,yfinance
2014-02-14,0.005518700803970544,SPY,yfinance
2014-02-18,0.0011957028605402709,SPY,yfinance
2014-02-19,-0.006621786620104264,SPY,yfinance
2014-02-20,0.005900839820168535,SPY,yfinance
2014-02-21,-0.001140388264653791,SPY,yfinance
2014-02-24,0.0055468411210752855,SPY,yfinance
2014-02-25,-0.0003788366352601713,SPY,yfinance
2014-02-26,5.416906684074796e-05,SPY,yfinance
2014-02-27,0.005247305997085228,SPY,yfinance
2014-02-28,0.0025292843082773686,SPY,yfinance
2014-03-03,-0.007031940908059586,SPY,yfinance
2014-03-04,0.014055628629018102,SPY,yfinance
2014-03-05,0.0009062210891037648,SPY,yfinance
2014-03-06,0.002289866066948365,SPY,yfinance
2014-03-07,0.00042556135315940935,SPY,yfinance
2014-03-10,-0.0005314510029316155,SPY,yfinance
2014-03-11,-0.004942546614546295,SPY,yfinance
2014-03-12,0.00026678604982866005,SPY,yfinance
2014-03-13,-0.01121265803409155,SPY,yfinance
2014-03-14,-0.002808170658704756,SPY,yfinance
2014-03-17,0.009043659392627523,SPY,yfinance
2014-03-18,0.007137801848595915,SPY,yfinance
2014-03-19,-0.005328799854329658,SPY,yfinance
2014-03-20,0.005839613076949135,SPY,yfinance
2014-03-21,-0.0038788446131866605,SPY,yfinance
2014-03-24,-0.004134916024020052,SPY,yfinance
2014-03-25,0.004745859060704571,SPY,yfinance
2014-03-26,-0.0071925257722386116,SPY,yfinance
2014-03-27,-0.0021083035674021033,SPY,yfinance
2014-03-28,0.004929835989960996,SPY,yfinance
2014-03-31,0.008194807206154842,SPY,yfinance
2014-04-01,0.0066305511201198986,SPY,yfinance
2014-04-02,0.0033469387998410483,SPY,yfinance
2014-04-03,-0.0013240908386519257,SPY,yfinance
2014-04-04,-0.011822064118335418,SPY,yfinance
2014-04-07,-0.01105163348852145,SPY,yfinance
2014-04-08,0.0041231684853932915,SPY,yfinance
2014-04-09,0.010750948731996113,SPY,yfinance
2014-04-10,-0.021006178464196057,SPY,yfinance
2014-04-11,-0.009008426694375737,SPY,yfinance
2014-04-14,0.007878150340501655,SPY,yfinance
2014-04-15,0.006887357637965996,SPY,yfinance
2014-04-16,0.010478163360127857,SPY,yfinance
2014-04-17,0.0013967090921240821,SPY,yfinance
2014-04-21,0.0034873039119032168,SPY,yfinance
2014-04-22,0.004544618688103297,SPY,yfinance
2014-04-23,-0.002342010824533558,SPY,yfinance
2014-04-24,0.002027629722605173,SPY,yfinance
2014-04-25,-0.008199256347443562,SPY,yfinance
2014-04-28,0.0031673051542098207,SPY,yfinance
2014-04-29,0.004655093351064732,SPY,yfinance
2014-04-30,0.0029829916183363725,SPY,yfinance
2014-05-01,0.0001059738144366662,SPY,yfinance
2014-05-02,-0.0014334245121351286,SPY,yfinance
2014-05-05,0.0019140425242447634,SPY,yfinance
2014-05-06,-0.008703442903421399,SPY,yfinance
2014-05-07,0.005889019440012522,SPY,yfinance
2014-05-08,-0.0010646522126150915,SPY,yfinance
2014-05-09,0.0014919023613633176,SPY,yfinance
2014-05-12,0.009736004959297828,SPY,yfinance
2014-05-13,0.000895872001955178,SPY,yfinance
2014-05-14,-0.00473813168115067,SPY,yfinance
2014-05-15,-0.008780227413785924,SPY,yfinance
2014-05-16,0.0034688088643102244,SPY,yfinance
2014-05-19,0.003668959045008524,SPY,yfinance
2014-05-20,-0.006304604671271807,SPY,yfinance
2014-05-21,0.008424504058181626,SPY,yfinance
2014-05-22,0.0024318730426200474,SPY,yfinance
2014-05-23,0.004008597447637596,SPY,yfinance
2014-05-27,0.006146834070950069,SPY,yfinance
2014-05-28,-0.0007311411338712936,SPY,yfinance
2014-05-29,0.005172843451415998,SPY,yfinance
2014-05-30,0.0016114759252787714,SPY,yfinance
2014-06-02,0.0011416033717921437,SPY,yfinance
2014-06-03,-0.0005177459860626898,SPY,yfinance
2014-06-04,0.0020226804847758295,SPY,yfinance
2014-06-05,0.006522032298140967,SPY,yfinance
2014-06-06,0.00478280950960186,SPY,yfinance
2014-06-09,0.0010234963831099453,SPY,yfinance
2014-06-10,0.00010232149298339266,SPY,yfinance
2014-06-11,-0.0034767580906506224,SPY,yfinance
2014-06-12,-0.00707967658628017,SPY,yfinance
2014-06-13,0.0030485609955237525,SPY,yfinance
2014-06-16,0.0008242043032424817,SPY,yfinance
2014-06-17,0.00277957922320593,SPY,yfinance
2014-06-18,0.007339251913529354,SPY,yfinance
2014-06-19,0.0011209698261567258,SPY,yfinance
2014-06-20,0.002030678639608041,SPY,yfinance
2014-06-23,-0.00030664915688582983,SPY,yfinance
2014-06-24,-0.006024064328652323,SPY,yfinance
2014-06-25,0.004519952359765211,SPY,yfinance
2014-06-26,-0.0007161656917137327,SPY,yfinance
2014-06-27,0.0019446047646531905,SPY,yfinance
2014-06-30,-0.0005109200000988912,SPY,yfinance
2014-07-01,0.006693192293613315,SPY,yfinance
2014-07-02,0.001015281560429182,SPY,yfinance
2014-07-03,0.004918087864954179,SPY,yfinance
2014-07-07,-0.0034813722635963495,SPY,yfinance
2014-07-08,-0.006429818782907937,SPY,yfinance
2014-07-09,0.004484101618895897,SPY,yfinance
2014-07-10,-0.00395691136552534,SPY,yfinance
2014-07-11,0.001375498735610492,SPY,yfinance
2014-07-14,0.005034800343814094,SPY,yfinance
2014-07-15,-0.0018722922599611058,SPY,yfinance
2014-07-16,0.00370130656999601,SPY,yfinance
2014-07-17,-0.01136602230685313,SPY,yfinance
2014-07-18,0.010219294111739163,SPY,yfinance
2014-07-21,-0.0018716267411400533,SPY,yfinance
2014-07-22,0.004358088402300897,SPY,yfinance
2014-07-23,0.002219926559667851,SPY,yfinance
2014-07-24,5.0507236965424696e-05,SPY,yfinance
2014-07-25,-0.004681849993211418,SPY,yfinance
2014-07-28,0.0004047141907255192,SPY,yfinance
2014-07-29,-0.004297231196025875,SPY,yfinance
2014-07-30,0.0001523493411976773,SPY,yfinance
2014-07-31,-0.019748440759638664,SPY,yfinance
2014-08-01,-0.003055457871390055,SPY,yfinance
2014-08-04,0.007220839708710347,SPY,yfinance
2014-08-05,-0.009696301529422025,SPY,yfinance
2014-08-06,0.000312537958481407,SPY,yfinance
2014-08-07,-0.005414985951330831,SPY,yfinance
2014-08-08,0.01156944507373403,SPY,yfinance
2014-08-11,0.0028978105656038977,SPY,yfinance
2014-08-12,-0.0013931422440971453,SPY,yfinance
2014-08-13,0.006768931280603185,SPY,yfinance
2014-08-14,0.004721718126468044,SPY,yfinance
2014-08-15,-0.00020443066866993043,SPY,yfinance
2014-08-18,0.008379376887744483,SPY,yfinance
2014-08-19,0.005219008898543542,SPY,yfinance
2014-08-20,0.0026716248019853506,SPY,yfinance
2014-08-21,0.0029154704460641057,SPY,yfinance
2014-08-22,-0.0015539366706661673,SPY,yfinance
2014-08-25,0.005070699453383343,SPY,yfinance
2014-08-26,0.0006495252496665493,SPY,yfinance
2014-08-27,-0.00039953416175042555,SPY,yfinance
2014-08-28,-0.0005494396199227092,SPY,yfinance
2014-08-29,0.002847849715824191,SPY,yfinance
2014-09-02,-0.0004980087070840522,SPY,yfinance
2014-09-03,-0.0005483608834419007,SPY,yfinance
2014-09-04,-0.0014461089762918267,SPY,yfinance
2014-09-05,0.004494943188912526,SPY,yfinance
2014-09-08,-0.002585604892805571,SPY,yfinance
2014-09-09,-0.006331184181430305,SPY,yfinance
2014-09-10,0.0037625121740008094,SPY,yfinance
2014-09-11,0.0011500144065796913,SPY,yfinance
2014-09-12,-0.005841413960625319,SPY,yfinance
2014-09-15,-0.0007530335164412927,SPY,yfinance
2014-09-16,0.0075380680293286595,SPY,yfinance
2014-09-17,0.001347094388245651,SPY,yfinance
2014-09-18,0.005329946932332019,SPY,yfinance
2014-09-19,-0.0009011691126707966,SPY,yfinance
2014-09-22,-0.007722833897868209,SPY,yfinance
2014-09-23,-0.005724359067985962,SPY,yfinance
2014-09-24,0.007827842665424356,SPY,yfinance
2014-09-25,-0.016135408233747484,SPY,yfinance
2014-09-26,0.007945378717829188,SPY,yfinance
2014-09-29,-0.001819095531958359,SPY,yfinance
2014-09-30,-0.002632370969319675,SPY,yfinance
2014-10-01,-0.013552050632187673,SPY,yfinance
2014-10-02,0.0001542411208161898,SPY,yfinance
2014-10-03,0.011009287638870768,SPY,yfinance
2014-10-06,-0.0011697722479453443,SPY,yfinance
2014-10-07,-0.015436651144879243,SPY,yfinance
2014-10-08,0.017489584408828973,SPY,yfinance
2014-10-09,-0.019833375338890624,SPY,yfinance
2014-10-10,-0.011414501541357147,SPY,yfinance
2014-10-13,-0.016427076171409927,SPY,yfinance
2014-10-14,0.0015474302751821156,SPY,yfinance
2014-10-15,-0.006766271847383654,SPY,yfinance
2014-10-16,-0.0008580301896640163,SPY,yfinance
2014-10-17,0.011810782012122711,SPY,yfinance
2014-10-20,0.00970991558381673,SPY,yfinance
2014-10-21,0.01981128309774549,SPY,yfinance
2014-10-22,-0.007111243660000266,SPY,yfinance
2014-10-23,0.011624858143443717,SPY,yfinance
2014-10-24,0.007695001841489413,SPY,yfinance
2014-10-27,-0.0013743196429240045,SPY,yfinance
2014-10-28,0.011470125048097968,SPY,yfinance
2014-10-29,-0.0015122498776520832,SPY,yfinance
2014-10-30,0.006410914640156751,SPY,yfinance
2014-10-31,0.011435603331336752,SPY,yfinance
2014-11-03,0.0005453561080757119,SPY,yfinance
2014-11-04,-0.0034690572125399832,SPY,yfinance
2014-11-05,0.006315797039046389,SPY,yfinance
2014-11-06,0.004003083506946226,SPY,yfinance
2014-11-07,0.0009354266510412934,SPY,yfinance
2014-11-10,0.0031473379286792724,SPY,yfinance
2014-11-11,0.0009804856560262643,SPY,yfinance
2014-11-12,-0.0010772509231538052,SPY,yfinance
2014-11-13,0.0011272827589414725,SPY,yfinance
2014-11-14,0.00024516424416498594,SPY,yfinance
2014-11-17,0.0006364362472939256,SPY,yfinance
2014-11-18,0.005773871055501312,SPY,yfinance
2014-11-19,-0.0016058274157355612,SPY,yfinance
2014-11-20,0.0017544816289505327,SPY,yfinance
2014-11-21,0.0053506557644456,SPY,yfinance
2014-11-24,0.002806666653519363,SPY,yfinance
2014-11-25,-0.0007238829158268123,SPY,yfinance
2014-11-26,0.002558952244759105,SPY,yfinance
2014-11-28,-0.0021193140246622555,SPY,yfinance
2014-12-01,-0.006949700133623615,SPY,yfinance
2014-12-02,0.006463847000587553,SPY,yfinance
2014-12-03,0.003863223529108728,SPY,yfinance
2014-12-04,-0.0011062398414957153,SPY,yfinance
2014-12-05,0.0016371531521532923,SPY,yfinance
2014-12-08,-0.006682829731738171,SPY,yfinance
2014-12-09,-0.0006776482083078461,SPY,yfinance
2014-12-10,-0.016031410646228483,SPY,yfinance
2014-12-11,0.005069859904470286,SPY,yfinance
2014-12-12,-0.01616124149285969,SPY,yfinance
2014-12-15,-0.0068695508383375126,SPY,yfinance
2014-12-16,-0.00801953460901994,SPY,yfinance
2014-12-17,0.019604818136602864,SPY,yfinance
2014-12-18,0.02472849828731083,SPY,yfinance
2014-12-19,0.0042552722530229126,SPY,yfinance
2014-12-22,0.004599913761653918,SPY,yfinance
2014-12-23,0.0013495524745095189,SPY,yfinance
2014-12-24,9.631736838944249e-05,SPY,yfinance
2014-12-26,0.003224813505054991,SPY,yfinance
2014-12-29,0.0013433604342032446,SPY,yfinance
2014-12-30,-0.005365968118283826,SPY,yfinance
2014-12-31,-0.009923061746128337,SPY,yfinance
2015-01-02,-0.0005349035071544606,SPY,yfinance
2015-01-05,-0.018060031664722698,SPY,yfinance
2015-01-06,-0.009418924568497244,SPY,yfinance
2015-01-07,0.012461132440761524,SPY,yfinance
2015-01-08,0.017745023214978506,SPY,yfinance
2015-01-09,-0.00801364138303795,SPY,yfinance
2015-01-12,-0.007833458980562424,SPY,yfinance
2015-01-13,-0.0028126734053841584,SPY,yfinance
2015-01-14,-0.00603720192153212,SPY,yfinance
2015-01-15,-0.009160938366440274,SPY,yfinance
2015-01-16,0.013114480606668533,SPY,yfinance
2015-01-20,0.002132490377018348,SPY,yfinance
2015-01-21,0.005048324839213469,SPY,yfinance
2015-01-22,0.014870657821627997,SPY,yfinance
2015-01-23,-0.00548263837142382,SPY,yfinance
2015-01-26,0.002341710694722998,SPY,yfinance
2015-01-27,-0.01319038355229718,SPY,yfinance
2015-01-28,-0.012824313538879806,SPY,yfinance
2015-01-29,0.009243332478995114,SPY,yfinance
2015-01-30,-0.012574650327371817,SPY,yfinance
2015-02-02,0.012383923523477725,SPY,yfinance
2015-02-03,0.014461237727115162,SPY,yfinance
2015-02-04,-0.003807762160763839,SPY,yfinance
2015-02-05,0.010094935791635784,SPY,yfinance
2015-02-06,-0.0027652331863738944,SPY,yfinance
2015-02-09,-0.0044757779477736515,SPY,yfinance
2015-02-10,0.010653171131187467,SPY,yfinance
2015-02-11,0.0005806200312752363,SPY,yfinance
2015-02-12,0.009616298146379654,SPY,yfinance
2015-02-13,0.004116424750829628,SPY,yfinance
2015-02-17,0.0015732432015111986,SPY,yfinance
2015-02-18,9.506011850946017e-05,SPY,yfinance
2015-02-19,-0.0007137599770754566,SPY,yfinance
2015-02-20,0.006000392760638684,SPY,yfinance
2015-02-23,-0.00014191466698110222,SPY,yfinance
2015-02-24,0.0028409643576132737,SPY,yfinance
2015-02-25,-0.000849979231138942,SPY,yfinance
2015-02-26,-0.0011810231134015137,SPY,yfinance
2015-02-27,-0.00340630978835077,SPY,yfinance
2015-03-02,0.0063136520162709875,SPY,yfinance
2015-03-03,-0.00410426596470892,SPY,yfinance
2015-03-04,-0.004215174821360357,SPY,yfinance
2015-03-05,0.0010936186850158958,SPY,yfinance
2015-03-06,-0.01406458678874356,SPY,yfinance
2015-03-09,0.0041445062914819975,SPY,yfinance
2015-03-10,-0.016221671654583103,SPY,yfinance
2015-03-11,-0.002341686285589062,SPY,yfinance
2015-03-12,0.012714123766830454,SPY,yfinance
2015-03-13,-0.006132144715946253,SPY,yfinance
2015-03-16,0.013360009488833757,SPY,yfinance
2015-03-17,-0.0029723672668584555,SPY,yfinance
2015-03-18,0.012021577403761752,SPY,yfinance
2015-03-19,-0.004561338538937587,SPY,yfinance
2015-03-20,0.008826842508718347,SPY,yfinance
2015-03-23,-0.0019483779659714706,SPY,yfinance
2015-03-24,-0.005619302497559042,SPY,yfinance
2015-03-25,-0.01465395782653145,SPY,yfinance
2015-03-26,-0.0023810143613286483,SPY,yfinance
2015-03-27,0.0022894705800349247,SPY,yfinance
2015-03-30,0.012200003922974156,SPY,yfinance
2015-03-31,-0.008739506457209112,SPY,yfinance
2015-04-01,-0.0035363804124138865,SPY,yfinance
2015-04-02,0.0035973532611603964,SPY,yfinance
2015-04-06,0.0067331666391212686,SPY,yfinance
2015-04-07,-0.0026460037303012163,SPY,yfinance
2015-04-08,0.0033768329858829826,SPY,yfinance
2015-04-09,0.004423406224767001,SPY,yfinance
2015-04-10,0.005457204655184844,SPY,yfinance
2015-04-13,-0.004523075009807531,SPY,yfinance
2015-04-14,0.0019133043034651465,SPY,yfinance
2015-04-15,0.004486790058574108,SPY,yfinance
2015-04-16,-0.0002850504133884435,SPY,yfinance
2015-04-17,-0.011503624965502945,SPY,yfinance
2015-04-20,0.00913715810856952,SPY,yfinance
2015-04-21,-0.0011914294005964665,SPY,yfinance
2015-04-22,0.004914141887084389,SPY,yfinance
2015-04-23,0.002515902158063854,SPY,yfinance
2015-04-24,0.002320819705597499,SPY,yfinance
2015-04-27,-0.004158026500918788,SPY,yfinance
2015-04-28,0.0031789726714701594,SPY,yfinance
2015-04-29,-0.004114528013483776,SPY,yfinance
2015-04-30,-0.010020393247317516,SPY,yfinance
2015-05-01,0.010841266169218322,SPY,yfinance
2015-05-04,0.0028474513003999835,SPY,yfinance
2015-05-05,-0.011451908373622088,SPY,yfinance
2015-05-06,-0.004116963381900374,SPY,yfinance
2015-05-07,0.003989996616808655,SPY,yfinance
2015-05-08,0.013165809153993457,SPY,yfinance
2015-05-11,-0.004772492662221017,SPY,yfinance
2015-05-12,-0.0029914285373363603,SPY,yfinance
2015-05-13,0.00019061554757193733,SPY,yfinance
2015-05-14,0.01042744333783685,SPY,yfinance
2015-05-15,0.0010838734259890348,SPY,yfinance
2015-05-18,0.003106923071144463,SPY,yfinance
2015-05-19,-0.0003287362762933732,SPY,yfinance
2015-05-20,-0.0007042728931313524,SPY,yfinance
2015-05-21,0.002912655575505463,SPY,yfinance
2015-05-22,-0.0023886892873016263,SPY,yfinance
2015-05-26,-0.010751586160176019,SPY,yfinance
2015-05-27,0.009491852000691692,SPY,yfinance
2015-05-28,-0.0011283780083576334,SPY,yfinance
2015-05-29,-0.006212658067411558,SPY,yfinance
2015-06-01,0.002036599363842928,SPY,yfinance
2015-06-02,-0.0009925604783017627,SPY,yfinance
2015-06-03,0.002649631264711516,SPY,yfinance
2015-06-04,-0.00844706535716433,SPY,yfinance
2015-06-05,-0.0017129189108970877,SPY,yfinance
2015-06-08,-0.00614978840782332,SPY,yfinance
2015-06-09,-0.00014385829350982426,SPY,yfinance
2015-06-10,0.011993259951234236,SPY,yfinance
2015-06-11,0.0032234771396602024,SPY,yfinance
2015-06-12,-0.007654713838188054,SPY,yfinance
2015-06-15,-0.0042855292376179355,SPY,yfinance
2015-06-16,0.005451723848449719,SPY,yfinance
2015-06-17,0.001617191647592442,SPY,yfinance
2015-06-18,0.01039939353929098,SPY,yfinance
2015-06-19,-0.0044395707845931165,SPY,yfinance
2015-06-22,0.005123450504110005,SPY,yfinance
2015-06-23,0.0007077357890918901,SPY,yfinance
2015-06-24,-0.0072629573849221085,SPY,yfinance
2015-06-25,-0.003040162895911913,SPY,yfinance
2015-06-26,-0.0001903232128298571,SPY,yfinance
2015-06-29,-0.020970685254842802,SPY,yfinance
2015-06-30,0.002093307148924639,SPY,yfinance
2015-07-01,0.008015296859512855,SPY,yfinance
2015-07-02,-0.0009152852639072728,SPY,yfinance
2015-07-06,-0.0028460242834439375,SPY,yfinance
2015-07-07,0.006288819992329664,SPY,yfinance
2015-07-08,-0.016777326437357964,SPY,yfinance
2015-07-09,0.0018087772733463847,SPY,yfinance
2015-07-10,0.012591273390755164,SPY,yfinance
2015-07-13,0.011037712882211892,SPY,yfinance
2015-07-14,0.004337975916397285,SPY,yfinance
2015-07-15,-0.0003322025104424142,SPY,yfinance
2015-07-16,0.00802448125080013,SPY,yfinance
2015-07-17,0.0008476427140389209,SPY,yfinance
2015-07-20,0.0005177083578542518,SPY,yfinance
2015-07-21,-0.00395147291071174,SPY,yfinance
2015-07-22,-0.0017946051670352237,SPY,yfinance
2015-07-23,-0.005629785570348433,SPY,yfinance
2015-07-24,-0.010371848923053983,SPY,yfinance
2015-07-27,-0.005817623710292041,SPY,yfinance
2015-07-28,0.01228322072941923,SPY,yfinance
2015-07-29,0.006878837030835694,SPY,yfinance
2015-07-30,0.00023722334877085416,SPY,yfinance
2015-07-31,-0.0015179039936548122,SPY,yfinance
2015-08-03,-0.0033728229885815475,SPY,yfinance
2015-08-04,-0.0019541615208733543,SPY,yfinance
2015-08-05,0.003295396775867765,SPY,yfinance
2015-08-06,-0.00818762194513134,SPY,yfinance
2015-08-07,-0.0019201795485283002,SPY,yfinance
2015-08-10,0.01259945925067596,SPY,yfinance
2015-08-11,-0.009023133510091985,SPY,yfinance
2015-08-12,0.0011977032720980052,SPY,yfinance
2015-08-13,-0.0012441527703216382,SPY,yfinance
2015-08-14,0.003642186337129427,SPY,yfinance
2015-08-17,0.005587018765217833,SPY,yfinance
2015-08-18,-0.002896701728399176,SPY,yfinance
2015-08-19,-0.007905635554869339,SPY,yfinance
2015-08-20,-0.020881152694518956,SPY,yfinance
2015-08-21,-0.030102535651743367,SPY,yfinance
2015-08-24,-0.04210700083342378,SPY,yfinance
2015-08-25,-0.011767572005551341,SPY,yfinance
2015-08-26,0.03839349518747093,SPY,yfinance
2015-08-27,0.024734966410116188,SPY,yfinance
2015-08-28,5.0384276294890284e-05,SPY,yfinance
2015-08-31,-0.008079215481227142,SPY,yfinance
2015-09-01,-0.029847560908037085,SPY,yfinance
2015-09-02,0.01898136103909165,SPY,yfinance
2015-09-03,0.0007163237458238658,SPY,yfinance
2015-09-04,-0.015136956729748241,SPY,yfinance
2015-09-08,0.025131246662969398,SPY,yfinance
2015-09-09,-0.013372059909136258,SPY,yfinance
2015-09-10,0.005441916637248134,SPY,yfinance
2015-09-11,0.004544514845054692,SPY,yfinance
2015-09-14,-0.003710595624315971,SPY,yfinance
2015-09-15,0.012499529686732291,SPY,yfinance
2015-09-16,0.008666415618183487,SPY,yfinance
2015-09-17,-0.002247957018251978,SPY,yfinance
2015-09-18,-0.016341559225196645,SPY,yfinance
2015-09-21,0.005167754579137096,SPY,yfinance
2015-09-22,-0.012979789660427343,SPY,yfinance
2015-09-23,-0.0015987511927886278,SPY,yfinance
2015-09-24,-0.0036157310660018815,SPY,yfinance
2015-09-25,-0.0002590826741097896,SPY,yfinance
2015-09-28,-0.02509741660027831,SPY,yfinance
2015-09-29,0.0005850578711774634,SPY,yfinance
2015-09-30,0.018658486116113426,SPY,yfinance
2015-10-01,0.002609228821397691,SPY,yfinance
2015-10-02,0.014937673522284589,SPY,yfinance
2015-10-05,0.017795103601515816,SPY,yfinance
2015-10-06,-0.003426631705854888,SPY,yfinance
2015-10-07,0.00819071339031252,SPY,yfinance
2015-10-08,0.00902685626343347,SPY,yfinance
2015-10-09,0.0005962262291343556,SPY,yfinance
2015-10-12,0.0009435976480145492,SPY,yfinance
2015-10-13,-0.006301752746794231,SPY,yfinance
2015-10-14,-0.0047944898010080506,SPY,yfinance
2015-10-15,0.01535489887558339,SPY,yfinance
2015-10-16,0.00454666163965034,SPY,yfinance
2015-10-19,0.0004918198872485569,SPY,yfinance
2015-10-20,-0.0012785495936242786,SPY,yfinance
2015-10-21,-0.006203423027743571,SPY,yfinance
2015-10-22,0.0168936766841854,SPY,yfinance
2015-10-23,0.01096162863740524,SPY,yfinance
2015-10-26,-0.0024575997961248097,SPY,yfinance
2015-10-27,-0.0019323571476070889,SPY,yfinance
2015-10-28,0.011374160461470995,SPY,yfinance
2015-10-29,-0.0005739670982313205,SPY,yfinance
2015-10-30,-0.004309921262910188,SPY,yfinance
2015-11-02,0.01183103064258062,SPY,yfinance
2015-11-03,0.0028993068128488897,SPY,yfinance
2015-11-04,-0.0030328506317190973,SPY,yfinance
2015-11-05,-0.0009985726290439034,SPY,yfinance
2015-11-06,-0.0005231608420590561,SPY,yfinance
2015-11-09,-0.00933181842194386,SPY,yfinance
2015-11-10,0.00230686345990061,SPY,yfinance
2015-11-11,-0.003931502295197675,SPY,yfinance
2015-11-12,-0.013960077672836135,SPY,yfinance
2015-11-13,-0.011228087595537728,SPY,yfinance
2015-11-16,0.015207046189330553,SPY,yfinance
2015-11-17,-0.0007296958938045606,SPY,yfinance
2015-11-18,0.01586643336821858,SPY,yfinance
2015-11-19,-0.0008625534854503902,SPY,yfinance
2015-11-20,0.0036439819134079787,SPY,yfinance
2015-11-23,-0.0011464800485662119,SPY,yfinance
2015-11-24,0.0013389794865563687,SPY,yfinance
2015-11-25,-0.0001432175847252415,SPY,yfinance
2015-11-27,0.0011466856170121442,SPY,yfinance
2015-11-30,-0.004151486895423329,SPY,yfinance
2015-12-01,0.009535508364650447,SPY,yfinance
2015-12-02,-0.01020484862192994,SPY,yfinance
2015-12-03,-0.014002726172896995,SPY,yfinance
2015-12-04,0.019502694494794026,SPY,yfinance
2015-12-07,-0.006058244359267606,SPY,yfinance
2015-12-08,-0.00671960089442436,SPY,yfinance
2015-12-09,-0.007779822690209159,SPY,yfinance
2015-12-10,0.0025809438031170195,SPY,yfinance
2015-12-11,-0.01938077255806947,SPY,yfinance
2015-12-14,0.00505200294946806,SPY,yfinance
2015-12-15,0.010497781117652316,SPY,yfinance
2015-12-16,0.014632289317894731,SPY,yfinance
2015-12-17,-0.015238192511193627,SPY,yfinance
2015-12-18,-0.01781489455460683,SPY,yfinance
2015-12-21,0.00824940438417654,SPY,yfinance
2015-12-22,0.00907376258939352,SPY,yfinance
2015-12-23,0.012383350806575377,SPY,yfinance
2015-12-24,-0.0016502710070438464,SPY,yfinance
2015-12-28,-0.002285128574578299,SPY,yfinance
2015-12-29,0.010671936098230805,SPY,yfinance
2015-12-30,-0.0070878661605028315,SPY,yfinance
2015-12-31,-0.010003438216167226,SPY,yfinance
2016-01-04,-0.013979230260813602,SPY,yfinance
2016-01-05,0.0016911386793887484,SPY,yfinance
2016-01-06,-0.012614116707901801,SPY,yfinance
2016-01-07,-0.023991406702935203,SPY,yfinance
2016-01-08,-0.010976729768280125,SPY,yfinance
2016-01-11,0.0009901210824208029,SPY,yfinance
2016-01-12,0.00806818631385342,SPY,yfinance
2016-01-13,-0.02494032341646024,SPY,yfinance
2016-01-14,0.01641666018155874,SPY,yfinance
2016-01-15,-0.02146595735835266,SPY,yfinance
2016-01-19,0.0013310121603971048,SPY,yfinance
2016-01-20,-0.012815238017710673,SPY,yfinance
2016-01-21,0.00560216163253946,SPY,yfinance
2016-01-22,0.02051527271180076,SPY,yfinance
2016-01-25,-0.015116726954865545,SPY,yfinance
2016-01-26,0.013643333168814387,SPY,yfinance
2016-01-27,-0.010883326852224706,SPY,yfinance
2016-01-28,0.005209150486729541,SPY,yfinance
2016-01-29,0.024377086441815354,SPY,yfinance
2016-02-01,-0.0003613920358999101,SPY,yfinance
2016-02-02,-0.018022250891710945,SPY,yfinance
2016-02-03,0.0059954266039425885,SPY,yfinance
2016-02-04,0.001568321102775272,SPY,yfinance
2016-02-05,-0.019050152257059305,SPY,yfinance
2016-02-08,-0.01346099688064184,SPY,yfinance
2016-02-09,5.36463345435223e-05,SPY,yfinance
2016-02-10,-0.000862676352864078,SPY,yfinance
2016-02-11,-0.013008125961860628,SPY,yfinance
2016-02-12,0.020617002548285246,SPY,yfinance
2016-02-16,0.016878124456797483,SPY,yfinance
2016-02-17,0.016335151267307557,SPY,yfinance
2016-02-18,-0.004096514050739963,SPY,yfinance
2016-02-19,-0.0004682138084917131,SPY,yfinance
2016-02-22,0.014479021867985775,SPY,yfinance
2016-02-23,-0.012629562942382488,SPY,yfinance
2016-02-24,0.004575440894132976,SPY,yfinance
2016-02-25,0.012112121147561883,SPY,yfinance
2016-02-26,-0.0023013333183155016,SPY,yfinance
2016-02-29,-0.007842507648089803,SPY,yfinance
2016-03-01,0.023507095637896658,SPY,yfinance
2016-03-02,0.004492200545858305,SPY,yfinance
2016-03-03,0.003919730793382703,SPY,yfinance
2016-03-04,0.00325335741099142,SPY,yfinance
2016-03-07,0.0007982045711307784,SPY,yfinance
2016-03-08,-0.010917735033023623,SPY,yfinance
2016-03-09,0.004939868347217269,SPY,yfinance
2016-03-10,0.0008024079118760241,SPY,yfinance
2016-03-11,0.016136801192785377,SPY,yfinance
2016-03-14,-0.001282199446163923,SPY,yfinance
2016-03-15,-0.0016293900347158496,SPY,yfinance
2016-03-16,0.005787046545327579,SPY,yfinance
2016-03-17,0.006344057305951223,SPY,yfinance
2016-03-18,0.003929662889568641,SPY,yfinance
2016-03-21,0.0014188532965799805,SPY,yfinance
2016-03-22,-0.0005376562050545264,SPY,yfinance
2016-03-23,-0.0065991602361832324,SPY,yfinance
2016-03-24,-0.00044297262204706644,SPY,yfinance
2016-03-28,0.0005906561208022243,SPY,yfinance
2016-03-29,0.009250329860799766,SPY,yfinance
2016-03-30,0.004387602811182889,SPY,yfinance
2016-03-31,-0.002426656960968665,SPY,yfinance
2016-04-01,0.006811797059342872,SPY,yfinance
2016-04-04,-0.00323798977470513,SPY,yfinance
2016-04-05,-0.009987868055437055,SPY,yfinance
2016-04-06,0.010920980621572651,SPY,yfinance
2016-04-07,-0.011965602254203511,SPY,yfinance
2016-04-08,0.002696625968062527,SPY,yfinance
2016-04-11,-0.002347207967754894,SPY,yfinance
2016-04-12,0.009312590056241632,SPY,yfinance
2016-04-13,0.010101213612661697,SPY,yfinance
2016-04-14,4.809531749350171e-05,SPY,yfinance
2016-04-15,-0.0011056210447388803,SPY,yfinance
2016-04-18,0.007026497976777568,SPY,yfinance
2016-04-19,0.003154621247170697,SPY,yfinance
2016-04-20,0.0009525144344613157,SPY,yfinance
2016-04-21,-0.005378397540659163,SPY,yfinance
2016-04-22,0.0,SPY,yfinance
2016-04-25,-0.001722878818259499,SPY,yfinance
2016-04-26,0.0014862509945001712,SPY,yfinance
2016-04-27,0.0020580458330416995,SPY,yfinance
2016-04-28,-0.009075666500290791,SPY,yfinance
2016-04-29,-0.005398879446813942,SPY,yfinance
2016-05-02,0.007948339968411045,SPY,yfinance
2016-05-03,-0.008703055063618015,SPY,yfinance
2016-05-04,-0.005578148086197721,SPY,yfinance
2016-05-05,-0.00019509947269702455,SPY,yfinance
2016-05-06,0.003659157536808566,SPY,yfinance
2016-05-09,0.0008264200897782903,SPY,yfinance
2016-05-10,0.012433693900802734,SPY,yfinance
2016-05-11,-0.009354807441696145,SPY,yfinance
2016-05-12,0.0002906680677643436,SPY,yfinance
2016-05-13,-0.008714377967189435,SPY,yfinance
2016-05-16,0.009865299437257224,SPY,yfinance
2016-05-17,-0.009333427485796575,SPY,yfinance
2016-05-18,0.0002928339071504027,SPY,yfinance
2016-05-19,-0.0034652970258975957,SPY,yfinance
2016-05-20,0.006317731681898309,SPY,yfinance
2016-05-23,-0.0013626808637426935,SPY,yfinance
2016-05-24,0.012962388889871113,SPY,yfinance
2016-05-25,0.006782828860580903,SPY,yfinance
2016-05-26,0.0002867211628538868,SPY,yfinance
2016-05-27,0.00429941307216164,SPY,yfinance
2016-05-31,-0.001902546495823887,SPY,yfinance
2016-06-01,0.0020491938328355275,SPY,yfinance
2016-06-02,0.003043588668895314,SPY,yfinance
2016-06-03,-0.0029870919274602725,SPY,yfinance
2016-06-06,0.005088606911650029,SPY,yfinance
2016-06-07,0.0015612234648521017,SPY,yfinance
2016-06-08,0.0032596966621432077,SPY,yfinance
2016-06-09,-0.0013658100120216288,SPY,yfinance
2016-06-10,-0.009477204025800434,SPY,yfinance
2016-06-13,-0.007711758079926079,SPY,yfinance
2016-06-14,-0.0019672201771032682,SPY,yfinance
2016-06-15,-0.0013938057700364492,SPY,yfinance
2016-06-16,0.0029844609538933753,SPY,yfinance
2016-06-17,-0.003724086928115322,SPY,yfinance
2016-06-20,0.006439900319797465,SPY,yfinance
2016-06-21,0.0028389065589271567,SPY,yfinance
2016-06-22,-0.0016312325749344714,SPY,yfinance
2016-06-23,0.01302241479454569,SPY,yfinance
2016-06-24,-0.035909226016803464,SPY,yfinance
2016-06-27,-0.01790956050407444,SPY,yfinance
2016-06-28,0.018035916254784068,SPY,yfinance
2016-06-29,0.017027633336495818,SPY,yfinance
2016-06-30,0.013645473094480609,SPY,yfinance
2016-07-01,0.0021002660388158567,SPY,yfinance
2016-07-05,-0.007193042588923393,SPY,yfinance
2016-07-06,0.0059977660121963705,SPY,yfinance
2016-07-07,-0.0006199771729091808,SPY,yfinance
2016-07-08,0.014890644074526005,SPY,yfinance
2016-07-11,0.0035265695490482862,SPY,yfinance
2016-07-12,0.007263541389409323,SPY,yfinance
2016-07-13,-0.00013964650813902413,SPY,yfinance
2016-07-14,0.005583315099159547,SPY,yfinance
2016-07-15,-0.0013416991736674433,SPY,yfinance
2016-07-18,0.002687086281720541,SPY,yfinance
2016-07-19,-0.0010165053319469708,SPY,yfinance
2016-07-20,0.004163300901322664,SPY,yfinance
2016-07-21,-0.003777155325420334,SPY,yfinance
2016-07-22,0.004485116639965314,SPY,yfinance
2016-07-25,-0.00271619671597223,SPY,yfinance
2016-07-26,0.00046183586353421013,SPY,yfinance
2016-07-27,-0.0010611551118115958,SPY,yfinance
2016-07-28,0.0011544574062569701,SPY,yfinance
2016-07-29,0.0016147887648418902,SPY,yfinance
2016-08-01,-0.0008290110755353464,SPY,yfinance
2016-08-02,-0.006407476218015962,SPY,yfinance
2016-08-03,0.00292267312646044,SPY,yfinance
2016-08-04,0.0010637880226114227,SPY,yfinance
2016-08-05,0.00817893796328728,SPY,yfinance
2016-08-08,-0.0005957669834536494,SPY,yfinance
2016-08-09,0.0005961221333388167,SPY,yfinance
2016-08-10,-0.002474951171675066,SPY,yfinance
2016-08-11,0.004640615230629308,SPY,yfinance
2016-08-12,-0.0008686446650876256,SPY,yfinance
2016-08-15,0.0028836594945949034,SPY,yfinance
2016-08-16,-0.0051575250306167275,SPY,yfinance
2016-08-17,0.0018809163919752958,SPY,yfinance
2016-08-18,0.0022437800825509946,SPY,yfinance
2016-08-19,-0.0014621352284870381,SPY,yfinance
2016-08-22,-4.570242293966409e-05,SPY,yfinance
2016-08-23,0.002013451352902651,SPY,yfinance
2016-08-24,-0.005114983918064975,SPY,yfinance
2016-08-25,-0.0006881998051290195,SPY,yfinance
2016-08-26,-0.00188365525473011,SPY,yfinance
2016-08-29,0.004924375919820756,SPY,yfinance
2016-08-30,-0.001648852713210025,SPY,yfinance
2016-08-31,-0.002843684088794096,SPY,yfinance
2016-09-01,4.6028489333549416e-05,SPY,yfinance
2016-09-02,0.004507954260965175,SPY,yfinance
2016-09-06,0.003022553332221678,SPY,yfinance
2016-09-07,-9.128190879847953e-05,SPY,yfinance
2016-09-08,-0.002283153450493791,SPY,yfinance
2016-09-09,-0.023934836252502367,SPY,yfinance
2016-09-12,0.014347015156688903,SPY,yfinance
2016-09-13,-0.0143750907961544,SPY,yfinance
2016-09-14,-0.0003751431505873981,SPY,yfinance
2016-09-15,0.009992930210599882,SPY,yfinance
2016-09-16,-0.0038657644059854057,SPY,yfinance
2016-09-19,0.00018754788678276846,SPY,yfinance
2016-09-20,4.664909939333661e-05,SPY,yfinance
2016-09-21,0.011245490346210918,SPY,yfinance
2016-09-22,0.006301522510309132,SPY,yfinance
2016-09-23,-0.005479191685596518,SPY,yfinance
2016-09-26,-0.008102211373072099,SPY,yfinance
2016-09-27,0.0062078429156515735,SPY,yfinance
2016-09-28,0.00496370655530054,SPY,yfinance
2016-09-29,-0.009047112190509798,SPY,yfinance
2016-09-30,0.007545901737493477,SPY,yfinance
2016-10-03,-0.002403862947265134,SPY,yfinance
2016-10-04,-0.005097778969643252,SPY,yfinance
2016-10-05,0.0044249901809041425,SPY,yfinance
2016-10-06,0.0006958302536936856,SPY,yfinance
2016-10-07,-0.003429359519222297,SPY,yfinance
2016-10-10,0.0052080775714045124,SPY,yfinance
2016-10-11,-0.012629769965280646,SPY,yfinance
2016-10-12,0.0013122165915353534,SPY,yfinance
2016-10-13,-0.0032754104889998192,SPY,yfinance
2016-10-14,0.0005165239681226286,SPY,yfinance
2016-10-17,-0.0034724122237451693,SPY,yfinance
2016-10-18,0.006262378019483483,SPY,yfinance
2016-10-19,0.0026670783771001183,SPY,yfinance
2016-10-20,-0.0018664356513186098,SPY,yfinance
2016-10-21,0.00046746065712643947,SPY,yfinance
2016-10-24,0.004252785030435913,SPY,yfinance
2016-10-25,-0.003350989744015709,SPY,yfinance
2016-10-26,-0.002007675434409717,SPY,yfinance
2016-10-27,-0.0026665382469831522,SPY,yfinance
2016-10-28,-0.002955295125460111,SPY,yfinance
2016-10-31,4.6840045093476945e-05,SPY,yfinance
2016-11-01,-0.00724539738654828,SPY,yfinance
2016-11-02,-0.006018611543942565,SPY,yfinance
2016-11-03,-0.004577271363799373,SPY,yfinance
2016-11-04,-0.0011014065476767643,SPY,yfinance
2016-11-07,0.02205719325293143,SPY,yfinance
2016-11-08,0.004503625761526742,SPY,yfinance
2016-11-09,0.010602136701147957,SPY,yfinance
2016-11-10,0.002495977516155712,SPY,yfinance
2016-11-11,-0.002305284624671944,SPY,yfinance
2016-11-14,0.0007852907485603744,SPY,yfinance
2016-11-15,0.007802751203584979,SPY,yfinance
2016-11-16,-0.001878167284673049,SPY,yfinance
2016-11-17,0.005140755118683282,SPY,yfinance
2016-11-18,-0.002237871801532676,SPY,yfinance
2016-11-21,0.00755188846842203,SPY,yfinance
2016-11-22,0.0019529780068108238,SPY,yfinance
2016-11-23,0.0005440916091983272,SPY,yfinance
2016-11-25,0.003715548192175122,SPY,yfinance
2016-11-28,-0.004694915179425885,SPY,yfinance
2016-11-29,0.0019502970961715604,SPY,yfinance
2016-11-30,-0.0023990051504051424,SPY,yfinance
2016-12-01,-0.0036757689009638828,SPY,yfinance
2016-12-02,0.0005012540256785769,SPY,yfinance
2016-12-05,0.0060085550027699774,SPY,yfinance
2016-12-06,0.003167527426176653,SPY,yfinance
2016-12-07,0.013080674597701458,SPY,yfinance
2016-12-08,0.002448795378363844,SPY,yfinance
2016-12-09,0.006040234806340861,SPY,yfinance
2016-12-12,-0.0011478326878262557,SPY,yfinance
2016-12-13,0.006674037476410932,SPY,yfinance
2016-12-14,-0.008254162322336445,SPY,yfinance
2016-12-15,0.004117199098880198,SPY,yfinance
2016-12-16,-0.001956141270128775,SPY,yfinance
2016-12-19,0.00217751468508931,SPY,yfinance
2016-12-20,0.0038577543495437183,SPY,yfinance
2016-12-21,-0.0027826089671731946,SPY,yfinance
2016-12-22,-0.001727642451439304,SPY,yfinance
2016-12-23,0.001464489807696756,SPY,yfinance
2016-12-27,0.002481278247061347,SPY,yfinance
2016-12-28,-0.008264905632140884,SPY,yfinance
2016-12-29,-0.00022264902087199,SPY,yfinance
2016-12-30,-0.003655187565871132,SPY,yfinance
2017-01-03,0.00765013159905692,SPY,yfinance
2017-01-04,0.00594932224475464,SPY,yfinance
2017-01-05,-0.0007945888398604994,SPY,yfinance
2017-01-06,0.0035778296805377696,SPY,yfinance
2017-01-09,-0.0033007643912277285,SPY,yfinance
2017-01-10,0.0,SPY,yfinance
2017-01-11,0.0028258865253207865,SPY,yfinance
2017-01-12,-0.002509827323008529,SPY,yfinance
2017-01-13,0.0022954308972862325,SPY,yfinance
2017-01-17,-0.003523452332553356,SPY,yfinance
2017-01-18,0.0022100810409917404,SPY,yfinance
2017-01-19,-0.0037045737651330013,SPY,yfinance
2017-01-20,0.0036742260311630748,SPY,yfinance
2017-01-23,-0.002602435227126887,SPY,yfinance
2017-01-24,0.0064118584566243975,SPY,yfinance
2017-01-25,0.008655414922340343,SPY,yfinance
2017-01-26,-0.00104529399451736,SPY,yfinance
2017-01-27,-0.001569966990773608,SPY,yfinance
2017-01-30,-0.006201518914806359,SPY,yfinance
2017-01-31,-8.791992638335078e-05,SPY,yfinance
2017-02-01,0.0003955967817856898,SPY,yfinance
2017-02-02,0.0006589637195710818,SPY,yfinance
2017-02-03,0.006892797839817444,SPY,yfinance
2017-02-06,-0.0017879830615538106,SPY,yfinance
2017-02-07,4.408098518449144e-05,SPY,yfinance
2017-02-08,0.0013101742612051659,SPY,yfinance
2017-02-09,0.005932939191767739,SPY,yfinance
2017-02-10,0.00394575997878599,SPY,yfinance
2017-02-13,0.005442915232696688,SPY,yfinance
2017-02-14,0.003995455675026793,SPY,yfinance
2017-02-15,0.005220240943737631,SPY,yfinance
2017-02-16,-0.0008511653118161711,SPY,yfinance
2017-02-17,0.0015761553810764717,SPY,yfinance
2017-02-21,0.005955051517127163,SPY,yfinance
2017-02-22,-0.000888037080088,SPY,yfinance
2017-02-23,0.0006774468250616561,SPY,yfinance
2017-02-24,0.0012687642412694267,SPY,yfinance
2017-02-27,0.0015628562337994811,SPY,yfinance
2017-02-28,-0.002699332251612785,SPY,yfinance
2017-03-01,0.01399768880063812,SPY,yfinance
2017-03-02,-0.006297542424625657,SPY,yfinance
2017-03-03,0.0006295841503227706,SPY,yfinance
2017-03-06,-0.002977968856823665,SPY,yfinance
2017-03-07,-0.0029866405992046152,SPY,yfinance
2017-03-08,-0.0018565915225721152,SPY,yfinance
2017-03-09,0.0012681954292519393,SPY,yfinance
2017-03-10,0.0035039190767800488,SPY,yfinance
2017-03-13,0.0005050153556789283,SPY,yfinance
2017-03-14,-0.003826577629064687,SPY,yfinance
2017-03-15,0.008653503126361928,SPY,yfinance
2017-03-16,-0.0019670286211355137,SPY,yfinance
2017-03-17,-0.0017560660089916968,SPY,yfinance
2017-03-20,-0.0010970221309385408,SPY,yfinance
2017-03-21,-0.012839377718486866,SPY,yfinance
2017-03-22,0.0023530090230299283,SPY,yfinance
2017-03-23,-0.0010669363813738952,SPY,yfinance
2017-03-24,-0.0007264119505405731,SPY,yfinance
2017-03-27,-0.0010265648002570904,SPY,yfinance
2017-03-28,0.007276794941245779,SPY,yfinance
2017-03-29,0.000935173400037348,SPY,yfinance
2017-03-30,0.0031841345068781557,SPY,yfinance
2017-03-31,-0.002327739668490869,SPY,yfinance
2017-04-03,-0.0017392224749942509,SPY,yfinance
2017-04-04,0.0006374550968031301,SPY,yfinance
2017-04-05,-0.0029727210010808136,SPY,yfinance
2017-04-06,0.002811223157139775,SPY,yfinance
2017-04-07,-0.0010196010491382301,SPY,yfinance
2017-04-10,0.0005953867923038647,SPY,yfinance
2017-04-11,-0.0011897659491407753,SPY,yfinance
2017-04-12,-0.004381670601468879,SPY,yfinance
2017-04-13,-0.006495149935155986,SPY,yfinance
2017-04-17,0.008859830141495273,SPY,yfinance
2017-04-18,-0.002984103883633571,SPY,yfinance
2017-04-19,-0.0018386788599182857,SPY,yfinance
2017-04-20,0.008139176564839978,SPY,yfinance
2017-04-21,-0.003186616718230395,SPY,yfinance
2017-04-24,0.010997685846563687,SPY,yfinance
2017-04-25,0.005818791671439838,SPY,yfinance
2017-04-26,-0.0006291455261032697,SPY,yfinance
2017-04-27,0.0008390935516235931,SPY,yfinance
2017-04-28,-0.0021793126661725504,SPY,yfinance
2017-05-01,0.0025198504837959934,SPY,yfinance
2017-05-02,0.0003771786564654711,SPY,yfinance
2017-05-03,-0.0012143875221276579,SPY,yfinance
2017-05-04,0.0011739529719310138,SPY,yfinance
2017-05-05,0.003937011936253176,SPY,yfinance
2017-05-08,-0.00016664426390256004,SPY,yfinance
2017-05-09,-0.0009179444183259333,SPY,yfinance
2017-05-10,0.0017958325895404137,SPY,yfinance
2017-05-11,-0.0020426226176952778,SPY,yfinance
2017-05-12,-0.001671095502229547,SPY,yfinance
2017-05-15,0.005523337965813502,SPY,yfinance
2017-05-16,-0.0009154264850508298,SPY,yfinance
2017-05-17,-0.01774421957998973,SPY,yfinance
2017-05-18,0.004028553270468471,SPY,yfinance
2017-05-19,0.006504042079994443,SPY,yfinance
2017-05-22,0.005077369671159682,SPY,yfinance
2017-05-23,0.0022129652492752783,SPY,yfinance
2017-05-24,0.0023326965369403485,SPY,yfinance
2017-05-25,0.004779448197230529,SPY,yfinance
2017-05-26,-0.0002064212287201661,SPY,yfinance
2017-05-30,-0.000868735221836836,SPY,yfinance
2017-05-31,-0.00024854038085331265,SPY,yfinance
2017-06-01,0.007951989681005633,SPY,yfinance
2017-06-02,0.003328531151227887,SPY,yfinance
2017-06-05,-0.0007371076251362352,SPY,yfinance
2017-06-06,-0.003197114245592436,SPY,yfinance
2017-06-07,0.0018506220001464069,SPY,yfinance
2017-06-08,0.0004924576133664704,SPY,yfinance
2017-06-09,-0.0015179342754453318,SPY,yfinance
2017-06-12,-0.00020552797229922426,SPY,yfinance
2017-06-13,0.004889939307976654,SPY,yfinance
2017-06-14,-0.0012676425338719044,SPY,yfinance
2017-06-15,-0.001924302552897994,SPY,yfinance
2017-06-16,0.00021850665463563068,SPY,yfinance
2017-06-19,0.008325038582140287,SPY,yfinance
2017-06-20,-0.006743940613412769,SPY,yfinance
2017-06-21,-0.00024709449588178334,SPY,yfinance
2017-06-22,-0.00045265003168193374,SPY,yfinance
2017-06-23,0.001194224829391466,SPY,yfinance
2017-06-26,0.0006580892981873365,SPY,yfinance
2017-06-27,-0.00805620217154046,SPY,yfinance
2017-06-28,0.008950433281398329,SPY,yfinance
2017-06-29,-0.008788903142269988,SPY,yfinance
2017-06-30,0.0018645402578316705,SPY,yfinance
2017-07-03,0.001695226541013728,SPY,yfinance
2017-07-05,0.0023122428712472054,SPY,yfinance
2017-07-06,-0.009144178838732309,SPY,yfinance
2017-07-07,0.006484915012612502,SPY,yfinance
2017-07-10,0.001073927636458638,SPY,yfinance
2017-07-11,-0.0007426629789043515,SPY,yfinance
2017-07-12,0.00751493768751188,SPY,yfinance
2017-07-13,0.0016802315480068941,SPY,yfinance
2017-07-14,0.004663771559447527,SPY,yfinance
2017-07-17,-0.00012194340998561426,SPY,yfinance
2017-07-18,0.0005293417362350894,SPY,yfinance
2017-07-19,0.00541422136619385,SPY,yfinance
2017-07-20,0.0004451750511393904,SPY,yfinance
2017-07-21,-0.0008902373869512648,SPY,yfinance
2017-07-24,-0.00024315021100795864,SPY,yfinance
2017-07-25,0.002431029255856698,SPY,yfinance
2017-07-26,4.027144511065117e-05,SPY,yfinance
2017-07-27,-0.0009293907218185238,SPY,yfinance
2017-07-28,-0.0011733032598959525,SPY,yfinance
2017-07-31,-0.0005668088322319242,SPY,yfinance
2017-08-01,0.002228640363326706,SPY,yfinance
2017-08-02,0.00048529370323269205,SPY,yfinance
2017-08-03,-0.0019398793794310754,SPY,yfinance
2017-08-04,0.001822255914390114,SPY,yfinance
2017-08-07,0.001859285186276649,SPY,yfinance
2017-08-08,-0.0024610703197364137,SPY,yfinance
2017-08-09,-4.0439147899751227e-05,SPY,yfinance
2017-08-10,-0.014115391507152242,SPY,yfinance
2017-08-11,0.0014770717671823697,SPY,yfinance
2017-08-14,0.00991322511758752,SPY,yfinance
2017-08-15,-0.00012202686480378144,SPY,yfinance
2017-08-16,0.0017445293787825555,SPY,yfinance
2017-08-17,-0.015590736639188418,SPY,yfinance
2017-08-18,-0.001563624332230673,SPY,yfinance
2017-08-21,0.0007833251383733142,SPY,yfinance
2017-08-22,0.010456850918196148,SPY,yfinance
2017-08-23,-0.0035853898627209446,SPY,yfinance
2017-08-24,-0.0023306942189331714,SPY,yfinance
2017-08-25,0.0023361390446992036,SPY,yfinance
2017-08-28,4.088560365622662e-05,SPY,yfinance
2017-08-29,0.0011449649003207885,SPY,yfinance
2017-08-30,0.0047374698888413835,SPY,yfinance
2017-08-31,0.00601597355010286,SPY,yfinance
2017-09-01,0.0014141256191575469,SPY,yfinance
2017-09-05,-0.007182030284387908,SPY,yfinance
2017-09-06,0.003413810657161287,SPY,yfinance
2017-09-07,-0.00012142341721521621,SPY,yfinance
2017-09-08,-0.0011747297965414294,SPY,yfinance
2017-09-11,0.010665961989323458,SPY,yfinance
2017-09-12,0.003370449075132731,SPY,yfinance
2017-09-13,0.00047999538352838655,SPY,yfinance
2017-09-14,-0.0003196100729111473,SPY,yfinance
2017-09-15,0.0013460684215036434,SPY,yfinance
2017-09-18,0.002126661863211199,SPY,yfinance
2017-09-19,0.001001379574633754,SPY,yfinance
2017-09-20,0.00035990179553557766,SPY,yfinance
2017-09-21,-0.0026795128307990357,SPY,yfinance
2017-09-22,0.00020080643978004353,SPY,yfinance
2017-09-25,-0.002044545210938553,SPY,yfinance
2017-09-26,0.0006024823364245702,SPY,yfinance
2017-09-27,0.00389429419127052,SPY,yfinance
2017-09-28,0.0011997767273836946,SPY,yfinance
2017-09-29,0.0035151137781699315,SPY,yfinance
2017-10-02,0.004338776339672501,SPY,yfinance
2017-10-03,0.0021401274518755287,SPY,yfinance
2017-10-04,0.0011864435745712054,SPY,yfinance
2017-10-05,0.00592511914215299,SPY,yfinance
2017-10-06,-0.00113885046306339,SPY,yfinance
2017-10-09,-0.0016509690683570444,SPY,yfinance
2017-10-10,0.002638192747738577,SPY,yfinance
2017-10-11,0.0015709900898830398,SPY,yfinance
2017-10-12,-0.0014900859881012973,SPY,yfinance
2017-10-13,0.0012172232296938645,SPY,yfinance
2017-10-16,0.0013336407092783276,SPY,yfinance
2017-10-17,0.0007052131303968423,SPY,yfinance
2017-10-18,0.0009785678165161737,SPY,yfinance
2017-10-19,0.00027358394076570924,SPY,yfinance
2017-10-20,0.005160500461048434,SPY,yfinance
2017-10-23,-0.0038892365596775447,SPY,yfinance
2017-10-24,0.0017569115586246742,SPY,yfinance
2017-10-25,-0.004950089562635207,SPY,yfinance
2017-10-26,0.0012924812076262615,SPY,yfinance
2017-10-27,0.008176375098109645,SPY,yfinance
2017-10-30,-0.003725209556983078,SPY,yfinance
2017-10-31,0.0015580253303142388,SPY,yfinance
2017-11-01,0.00132236644437711,SPY,yfinance
2017-11-02,0.00038823456405556733,SPY,yfinance
2017-11-03,0.0033387256047296976,SPY,yfinance
2017-11-06,0.0015477767959826139,SPY,yfinance
2017-11-07,-0.0006955140755772193,SPY,yfinance
2017-11-08,0.0017008572727530424,SPY,yfinance
2017-11-09,-0.003627678492891362,SPY,yfinance
2017-11-10,-0.00030993160716541457,SPY,yfinance
2017-11-13,0.0009298130246739866,SPY,yfinance
2017-11-14,-0.00232237318884565,SPY,yfinance
2017-11-15,-0.0050052998724487985,SPY,yfinance
2017-11-16,0.008500777576021745,SPY,yfinance
2017-11-17,-0.002938756072802584,SPY,yfinance
2017-11-20,0.001706606069030503,SPY,yfinance
2017-11-21,0.00654272852968818,SPY,yfinance
2017-11-22,-0.0008844137096456484,SPY,yfinance
2017-11-24,0.0023095876463692377,SPY,yfinance
2017-11-27,-0.0004994025841372762,SPY,yfinance
2017-11-28,0.010145040397027127,SPY,yfinance
2017-11-29,-0.0006087140569197569,SPY,yfinance
2017-11-30,0.00875495581996022,SPY,yfinance
2017-12-01,-0.002075389148615714,SPY,yfinance
2017-12-04,-0.0012100427287072835,SPY,yfinance
2017-12-05,-0.0035967922231233684,SPY,yfinance
2017-12-06,0.00018994638731761881,SPY,yfinance
2017-12-07,0.0031532128767532974,SPY,yfinance
2017-12-08,0.005453201622961368,SPY,yfinance
2017-12-11,0.003013176321512434,SPY,yfinance
2017-12-12,0.0017644724098595521,SPY,yfinance
2017-12-13,-0.0001124080675419803,SPY,yfinance
2017-12-14,-0.004086143132394859,SPY,yfinance
2017-12-15,0.008327553134376497,SPY,yfinance
2017-12-18,0.006341257129311995,SPY,yfinance
2017-12-19,-0.0038403509759663557,SPY,yfinance
2017-12-20,-0.0005241693800337455,SPY,yfinance
2017-12-21,0.002059602657175752,SPY,yfinance
2017-12-22,-0.0002616831754692628,SPY,yfinance
2017-12-26,-0.0011958013969075587,SPY,yfinance
2017-12-27,0.0004861731651100154,SPY,yfinance
2017-12-28,0.0020574334242755565,SPY,yfinance
2017-12-29,-0.0037703325946311095,SPY,yfinance
2018-01-02,0.007157202563605303,SPY,yfinance
2018-01-03,0.006325218886746864,SPY,yfinance
2018-01-04,0.004214878422120982,SPY,yfinance
2018-01-05,0.006664131852383903,SPY,yfinance
2018-01-08,0.0018284171545437378,SPY,yfinance
2018-01-09,0.0022635500033481026,SPY,yfinance
2018-01-10,-0.0015298525204994196,SPY,yfinance
2018-01-11,0.007295942180402859,SPY,yfinance
2018-01-12,0.006518994458760474,SPY,yfinance
2018-01-16,-0.00341822377744605,SPY,yfinance
2018-01-17,0.009531848199227255,SPY,yfinance
2018-01-18,-0.0016809870702506613,SPY,yfinance
2018-01-19,0.004549884678496152,SPY,yfinance
2018-01-22,0.008130503518226861,SPY,yfinance
2018-01-23,0.0021228022879042907,SPY,yfinance
2018-01-24,-0.00038841211290130406,SPY,yfinance
2018-01-25,0.0004240093877123652,SPY,yfinance
2018-01-26,0.011577232647980829,SPY,yfinance
2018-01-29,-0.006629802235954441,SPY,yfinance
2018-01-30,-0.010256887129847403,SPY,yfinance
2018-01-31,0.0004967809835143555,SPY,yfinance
2018-02-01,-0.0011350673577640302,SPY,yfinance
2018-02-02,-0.02177007227815453,SPY,yfinance
2018-02-05,-0.04182235163110393,SPY,yfinance
2018-02-06,0.019702044566542787,SPY,yfinance
2018-02-07,-0.005424790082879549,SPY,yfinance
2018-02-08,-0.0375088213075121,SPY,yfinance
2018-02-09,0.01502144305444486,SPY,yfinance
2018-02-12,0.01468431487539168,SPY,yfinance
2018-02-13,0.002487539760258395,SPY,yfinance
2018-02-14,0.013495892771148155,SPY,yfinance
2018-02-15,0.012760446006310211,SPY,yfinance
2018-02-16,0.0002931602606250916,SPY,yfinance
2018-02-20,-0.006261139459334042,SPY,yfinance
2018-02-21,-0.0049744983183057645,SPY,yfinance
2018-02-22,0.0012964485846915785,SPY,yfinance
2018-02-23,0.015939102534306304,SPY,yfinance
2018-02-26,0.01161197232886857,SPY,yfinance
2018-02-27,-0.012486294427390243,SPY,yfinance
2018-02-28,-0.010130247208733456,SPY,yfinance
2018-03-01,-0.014540449093941366,SPY,yfinance
2018-03-02,0.005154575750471846,SPY,yfinance
2018-03-05,0.011558309062789318,SPY,yfinance
2018-03-06,0.0025349327102748287,SPY,yfinance
2018-03-07,-0.0003664452536000784,SPY,yfinance
2018-03-08,0.004838939496954575,SPY,yfinance
2018-03-09,0.01740242499028355,SPY,yfinance
2018-03-12,-0.0012549475687791967,SPY,yfinance
2018-03-13,-0.006462632542881264,SPY,yfinance
2018-03-14,-0.0051318397408031124,SPY,yfinance
2018-03-15,-0.0010894834213822646,SPY,yfinance
2018-03-16,0.0010841784709818558,SPY,yfinance
2018-03-19,-0.013530248931038602,SPY,yfinance
2018-03-20,0.001700857342154416,SPY,yfinance
2018-03-21,-0.001919360476583587,SPY,yfinance
2018-03-22,-0.02499730710215653,SPY,yfinance
2018-03-23,-0.021314375114193984,SPY,yfinance
2018-03-26,0.027358915910618675,SPY,yfinance
2018-03-27,-0.01701179394932717,SPY,yfinance
2018-03-28,-0.002954756459529362,SPY,yfinance
2018-03-29,0.012777582620366434,SPY,yfinance
2018-04-02,-0.021584578169686175,SPY,yfinance
2018-04-03,0.012816907670957445,SPY,yfinance
2018-04-04,0.010699292549655182,SPY,yfinance
2018-04-05,0.007891925563012103,SPY,yfinance
2018-04-06,-0.02228577676184118,SPY,yfinance
2018-04-09,0.004928292833990433,SPY,yfinance
2018-04-10,0.01590029586961461,SPY,yfinance
2018-04-11,-0.005242325008260718,SPY,yfinance
2018-04-12,0.008227082157959531,SPY,yfinance
2018-04-13,-0.0029330003149805606,SPY,yfinance
2018-04-16,0.008221919274446599,SPY,yfinance
2018-04-17,0.010698399099446698,SPY,yfinance
2018-04-18,0.0007399824216629547,SPY,yfinance
2018-04-19,-0.005547265104939858,SPY,yfinance
2018-04-20,-0.008479499154336212,SPY,yfinance
2018-04-23,-0.00015006150125229656,SPY,yfinance
2018-04-24,-0.013467207159156835,SPY,yfinance
2018-04-25,0.0024718137332149226,SPY,yfinance
2018-04-26,0.010165736187330188,SPY,yfinance
2018-04-27,0.0009384705898982659,SPY,yfinance
2018-04-30,-0.007690523817420525,SPY,yfinance
2018-05-01,0.001777106935449746,SPY,yfinance
2018-05-02,-0.006717541791669834,SPY,yfinance
2018-05-03,-0.0022039179801892628,SPY,yfinance
2018-05-04,0.012946783735697798,SPY,yfinance
2018-05-07,0.003383059943966593,SPY,yfinance
2018-05-08,0.0,SPY,yfinance
2018-05-09,0.009665557466863595,SPY,yfinance
2018-05-10,0.009350830846100111,SPY,yfinance
2018-05-11,0.0030513565460295045,SPY,yfinance
2018-05-14,0.00047672028593859217,SPY,yfinance
2018-05-15,-0.006887549138947291,SPY,yfinance
2018-05-16,0.004205507324192892,SPY,yfinance
2018-05-17,-0.0008451520902720278,SPY,yfinance
2018-05-18,-0.002499513110715945,SPY,yfinance
2018-05-21,0.0075183472147508645,SPY,yfinance
2018-05-22,-0.002780094839296532,SPY,yfinance
2018-05-23,0.0027511081327251663,SPY,yfinance
2018-05-24,-0.0020484163793973442,SPY,yfinance
2018-05-25,-0.0023828987282281666,SPY,yfinance
2018-05-29,-0.01150123423515681,SPY,yfinance
2018-05-30,0.013345074953923008,SPY,yfinance
2018-05-31,-0.00612630496167299,SPY,yfinance
2018-06-01,0.009817986617763452,SPY,yfinance
2018-06-04,0.0047512949385029035,SPY,yfinance
2018-06-05,0.0007278065636255882,SPY,yfinance
2018-06-06,0.008360393084972273,SPY,yfinance
2018-06-07,-0.00010812174171992428,SPY,yfinance
2018-06-08,0.0029563319595551363,SPY,yfinance
2018-06-11,0.0013300870164538736,SPY,yfinance
2018-06-12,0.00129218179186541,SPY,yfinance
2018-06-13,-0.00319081279675526,SPY,yfinance
2018-06-14,0.0025177451660565175,SPY,yfinance
2018-06-15,-0.0012759684229873836,SPY,yfinance
2018-06-18,-0.0020566130567760688,SPY,yfinance
2018-06-19,-0.003832738622677967,SPY,yfinance
2018-06-20,0.0017060139080502523,SPY,yfinance
2018-06-21,-0.006268712032851287,SPY,yfinance
2018-06-22,0.0018227933920103023,SPY,yfinance
2018-06-25,-0.013612540024736886,SPY,yfinance
2018-06-26,0.0022140110923833944,SPY,yfinance
2018-06-27,-0.00828407370248374,SPY,yfinance
2018-06-28,0.005717442798767625,SPY,yfinance
2018-06-29,0.0014393994918981967,SPY,yfinance
2018-07-02,0.0021380950081673067,SPY,yfinance
2018-07-03,-0.0035313131517513696,SPY,yfinance
2018-07-05,0.008157948306110274,SPY,yfinance
2018-07-06,0.008458379529695526,SPY,yfinance
2018-07-09,0.009004143006756893,SPY,yfinance
2018-07-10,0.003598379012925923,SPY,yfinance
2018-07-11,-0.007314316595046111,SPY,yfinance
2018-07-12,0.0090662784373996,SPY,yfinance
2018-07-13,0.000787289268598057,SPY,yfinance
2018-07-16,-0.0008942030080610897,SPY,yfinance
2018-07-17,0.004045053177437197,SPY,yfinance
2018-07-18,0.0021035854971871437,SPY,yfinance
2018-07-19,-0.0037712517845266413,SPY,yfinance
2018-07-20,-0.0011426387255931703,SPY,yfinance
2018-07-23,0.0018591271137597953,SPY,yfinance
2018-07-24,0.0050321930664984915,SPY,yfinance
2018-07-25,0.008522442701029087,SPY,yfinance
2018-07-26,-0.0023589308052612834,SPY,yfinance
2018-07-27,-0.006776288033465971,SPY,yfinance
2018-07-30,-0.00522343318841445,SPY,yfinance
2018-07-31,0.004928860643542032,SPY,yfinance
2018-08-01,-0.0016704773151087204,SPY,yfinance
2018-08-02,0.005447759979072986,SPY,yfinance
2018-08-03,0.004284787885985741,SPY,yfinance
2018-08-06,0.0036674053402707685,SPY,yfinance
2018-08-07,0.0033019205491786607,SPY,yfinance
2018-08-08,-0.0004200269423988434,SPY,yfinance
2018-08-09,-0.0013658719414061382,SPY,yfinance
2018-08-10,-0.006700250127234408,SPY,yfinance
2018-08-13,-0.003743767015536137,SPY,yfinance
2018-08-14,0.00638086788943637,SPY,yfinance
2018-08-15,-0.007467170823612146,SPY,yfinance
2018-08-16,0.008091364119743094,SPY,yfinance
2018-08-17,0.0035202235088671596,SPY,yfinance
2018-08-20,0.0021397850590612055,SPY,yfinance
2018-08-21,0.002345464302403899,SPY,yfinance
2018-08-22,-0.0005936687975268695,SPY,yfinance
2018-08-23,-0.0013278833211883834,SPY,yfinance
2018-08-24,0.006018306521914152,SPY,yfinance
2018-08-27,0.00789548986822397,SPY,yfinance
2018-08-28,0.00048322550234747297,SPY,yfinance
2018-08-29,0.005380861748993437,SPY,yfinance
2018-08-30,-0.0040483704963750755,SPY,yfinance
2018-08-31,3.446273601204197e-05,SPY,yfinance
2018-09-04,-0.0017224852958138692,SPY,yfinance
2018-09-05,-0.0026912152570053305,SPY,yfinance
2018-09-06,-0.00301036176797731,SPY,yfinance
2018-09-07,-0.0019433512832489619,SPY,yfinance
2018-09-10,0.0017382382469435242,SPY,yfinance
2018-09-11,0.003297948097875869,SPY,yfinance
2018-09-12,0.00024216346652483622,SPY,yfinance
2018-09-13,0.005914326280266113,SPY,yfinance
2018-09-14,0.0001718814887774478,SPY,yfinance
2018-09-17,-0.005294434750686472,SPY,yfinance
2018-09-18,0.005426227451218901,SPY,yfinance
2018-09-19,0.001065750469501081,SPY,yfinance
2018-09-20,0.008103617887671444,SPY,yfinance
2018-09-21,-0.0009134233890724097,SPY,yfinance
2018-09-24,-0.0033219230747592032,SPY,yfinance
2018-09-25,-0.0009280076131670256,SPY,yfinance
2018-09-26,-0.0029918994942127464,SPY,yfinance
2018-09-27,0.0027940265801480457,SPY,yfinance
2018-09-28,0.00010313745066836688,SPY,yfinance
2018-10-01,0.0034740551299938804,SPY,yfinance
2018-10-02,-0.0005827140749792292,SPY,yfinance
2018-10-03,0.0005490120307234392,SPY,yfinance
2018-10-04,-0.007815814321058157,SPY,yfinance
2018-10-05,-0.0055967857148346845,SPY,yfinance
2018-10-08,0.0,SPY,yfinance
2018-10-09,-0.0014593922587879948,SPY,yfinance
2018-10-10,-0.03166334261875592,SPY,yfinance
2018-10-11,-0.022026433614205976,SPY,yfinance
2018-10-12,0.013888332627361555,SPY,yfinance
2018-10-15,-0.005617065450883363,SPY,yfinance
2018-10-16,0.021865905303621203,SPY,yfinance
2018-10-17,0.0001783259731658049,SPY,yfinance
2018-10-18,-0.0144412793125972,SPY,yfinance
2018-10-19,-0.0005422867251131391,SPY,yfinance
2018-10-22,-0.004488883346828176,SPY,yfinance
2018-10-23,-0.00509067779545791,SPY,yfinance
2018-10-24,-0.030298449484165157,SPY,yfinance
2018-10-25,0.01794053686488506,SPY,yfinance
2018-10-26,-0.01758721725924961,SPY,yfinance
2018-10-29,-0.005540763632158607,SPY,yfinance
2018-10-30,0.014818693583631193,SPY,yfinance
2018-10-31,0.010681146356341431,SPY,yfinance
2018-11-01,0.010641487720363108,SPY,yfinance
2018-11-02,-0.005922445674313437,SPY,yfinance
2018-11-05,0.005516339747516863,SPY,yfinance
2018-11-06,0.006328148081381713,SPY,yfinance
2018-11-07,0.0214084821721523,SPY,yfinance
2018-11-08,-0.0018147088485386265,SPY,yfinance
2018-11-09,-0.009768315622295298,SPY,yfinance
2018-11-12,-0.018684899912509323,SPY,yfinance
2018-11-13,-0.0018714646745896513,SPY,yfinance
2018-11-14,-0.006836178103183821,SPY,yfinance
2018-11-15,0.010436504923186263,SPY,yfinance
2018-11-16,0.002600589101656947,SPY,yfinance
2018-11-19,-0.016914528318506594,SPY,yfinance
2018-11-20,-0.018505996894575993,SPY,yfinance
2018-11-21,0.003407329418910754,SPY,yfinance
2018-11-23,-0.0066787133566841295,SPY,yfinance
2018-11-26,0.01614453689828843,SPY,yfinance
2018-11-27,0.0033641481146364782,SPY,yfinance
2018-11-28,0.02302543660994827,SPY,yfinance
2018-11-29,-0.002185082011778694,SPY,yfinance
2018-11-30,0.006095039393060553,SPY,yfinance
2018-12-03,0.013241561133106261,SPY,yfinance
2018-12-04,-0.032402588423094736,SPY,yfinance
2018-12-06,-0.0015167876875895603,SPY,yfinance
2018-12-07,-0.023236004239302388,SPY,yfinance
2018-12-10,0.0018970627114303085,SPY,yfinance
2018-12-11,0.0002272631394157898,SPY,yfinance
2018-12-12,0.005035323063399266,SPY,yfinance
2018-12-13,-0.000339077495194573,SPY,yfinance
2018-12-14,-0.018464776018805917,SPY,yfinance
2018-12-17,-0.01961838837028418,SPY,yfinance
2018-12-18,-0.0010966017408384765,SPY,yfinance
2018-12-19,-0.014975614010371618,SPY,yfinance
2018-12-20,-0.016278014274046626,SPY,yfinance
2018-12-21,-0.02048939258912985,SPY,yfinance
2018-12-24,-0.02642303977164695,SPY,yfinance
2018-12-26,0.05052472806364583,SPY,yfinance
2018-12-27,0.0076775987647286215,SPY,yfinance
2018-12-28,-0.0012902306366989746,SPY,yfinance
2018-12-31,0.008758917975943525,SPY,yfinance
2019-01-02,0.0010404462237227907,SPY,yfinance
2019-01-03,-0.023862820708548393,SPY,yfinance
2019-01-04,0.03349577326654041,SPY,yfinance
2019-01-07,0.007884848266283218,SPY,yfinance
2019-01-08,0.009395059807021156,SPY,yfinance
2019-01-09,0.004673585166442562,SPY,yfinance
2019-01-10,0.003527398041735408,SPY,yfinance
2019-01-11,0.0003864225317458114,SPY,yfinance
2019-01-14,-0.006101015451981717,SPY,yfinance
2019-01-15,0.011460845531567676,SPY,yfinance
2019-01-16,0.002419932053441709,SPY,yfinance
2019-01-17,0.00758646985669631,SPY,yfinance
2019-01-18,0.013310027220585496,SPY,yfinance
2019-01-22,-0.013510052744722056,SPY,yfinance
2019-01-23,0.0020919784451529644,SPY,yfinance
2019-01-24,0.0005314941100971193,SPY,yfinance
2019-01-25,0.008461172641115455,SPY,yfinance
2019-01-28,-0.007599825605686394,SPY,yfinance
2019-01-29,-0.0013271975388019497,SPY,yfinance
2019-01-30,0.015830825599143505,SPY,yfinance
2019-01-31,0.008782560744227785,SPY,yfinance
2019-02-01,0.00048134363258700574,SPY,yfinance
2019-02-04,0.007035562918425553,SPY,yfinance
2019-02-05,0.004191845756491119,SPY,yfinance
2019-02-06,-0.001318001892435694,SPY,yfinance
2019-02-07,-0.009532677960164104,SPY,yfinance
2019-02-08,0.0012212854331481449,SPY,yfinance
2019-02-11,0.0005547327973076666,SPY,yfinance
2019-02-12,0.012859094701979323,SPY,yfinance
2019-02-13,0.0032471387596146872,SPY,yfinance
2019-02-14,-0.0022184039988562,SPY,yfinance
2019-02-15,0.010897553350428302,SPY,yfinance
2019-02-19,0.0017304455118209994,SPY,yfinance
2019-02-20,0.0020153656167383183,SPY,yfinance
2019-02-21,-0.003555636055295963,SPY,yfinance
2019-02-22,0.006199951724049857,SPY,yfinance
2019-02-25,0.0013612188778275858,SPY,yfinance
2019-02-26,-0.0007157774389873195,SPY,yfinance
2019-02-27,-0.00042892135962591116,SPY,yfinance
2019-02-28,-0.001862970713464196,SPY,yfinance
2019-03-01,0.006243653585862541,SPY,yfinance
2019-03-04,-0.003637353992874681,SPY,yfinance
2019-03-05,-0.0013601351257134242,SPY,yfinance
2019-03-06,-0.006056963849920716,SPY,yfinance
2019-03-07,-0.00836533553852048,SPY,yfinance
2019-03-08,-0.0020002354528232402,SPY,yfinance
2019-03-11,0.014501560351355414,SPY,yfinance
2019-03-12,0.0037707576349241823,SPY,yfinance
2019-03-13,0.0066195842200351684,SPY,yfinance
2019-03-14,-0.0006399113340016527,SPY,yfinance
2019-03-15,0.0049402508180400595,SPY,yfinance
2019-03-18,0.003626203634007341,SPY,yfinance
2019-03-19,0.0002480209023905111,SPY,yfinance
2019-03-20,-0.0030101215900784073,SPY,yfinance
2019-03-21,0.011294798506476411,SPY,yfinance
2019-03-22,-0.01924609926209009,SPY,yfinance
2019-03-25,-0.000752269181590326,SPY,yfinance
2019-03-26,0.007453933592890261,SPY,yfinance
2019-03-27,-0.00522893003059921,SPY,yfinance
2019-03-28,0.003790794882775117,SPY,yfinance
2019-03-29,0.006305576499119114,SPY,yfinance
2019-04-01,0.011858800599371166,SPY,yfinance
2019-04-02,0.0004898492288401002,SPY,yfinance
2019-04-03,0.001573312935508664,SPY,yfinance
2019-04-04,0.0026537889440008122,SPY,yfinance
2019-04-05,0.004839839280719849,SPY,yfinance
2019-04-08,0.0007624878069454333,SPY,yfinance
2019-04-09,-0.005124894072071395,SPY,yfinance
2019-04-10,0.003411163998105815,SPY,yfinance
2019-04-11,-0.00027744137244289924,SPY,yfinance
2019-04-12,0.006765876642439217,SPY,yfinance
2019-04-15,-0.0006548663846075442,SPY,yfinance
2019-04-16,0.0006552955156127194,SPY,yfinance
2019-04-17,-0.0024467881658440938,SPY,yfinance
2019-04-18,0.0019689497456094607,SPY,yfinance
2019-04-22,0.0008619348363714252,SPY,yfinance
2019-04-23,0.008991578426233993,SPY,yfinance
2019-04-24,-0.002219216382735145,SPY,yfinance
2019-04-25,-0.0006159137363717093,SPY,yfinance
2019-04-26,0.004656709077189847,SPY,yfinance
2019-04-29,0.001568056492061043,SPY,yfinance
2019-04-30,0.0005102240201617647,SPY,yfinance
2019-05-01,-0.007516723898372768,SPY,yfinance
2019-05-02,-0.002158743013688791,SPY,yfinance
2019-05-03,0.009787888934469802,SPY,yfinance
2019-05-06,-0.004115288449828558,SPY,yfinance
2019-05-07,-0.01669982212324117,SPY,yfinance
2019-05-08,-0.00138917682184303,SPY,yfinance
2019-05-09,-0.0030258718998863454,SPY,yfinance
2019-05-10,0.005023405806975356,SPY,yfinance
2019-05-13,-0.02513012246986701,SPY,yfinance
2019-05-14,0.009043695605447155,SPY,yfinance
2019-05-15,0.005857408580980161,SPY,yfinance
2019-05-16,0.009261209142248594,SPY,yfinance
2019-05-17,-0.006465006901981263,SPY,yfinance
2019-05-20,-0.006611963020224376,SPY,yfinance
2019-05-21,0.009015728848566607,SPY,yfinance
2019-05-22,-0.003071760893819886,SPY,yfinance
2019-05-23,-0.012218336607805247,SPY,yfinance
2019-05-24,0.002268211627308725,SPY,yfinance
2019-05-28,-0.009300599070976356,SPY,yfinance
2019-05-29,-0.006710644081922235,SPY,yfinance
2019-05-30,0.002731330369902807,SPY,yfinance
2019-05-31,-0.013475521256465561,SPY,yfinance
2019-06-03,-0.0025428977465895564,SPY,yfinance
2019-06-04,0.021706841902007445,SPY,yfinance
2019-06-05,0.008662041855163949,SPY,yfinance
2019-06-06,0.0065026684598070705,SPY,yfinance
2019-06-07,0.010007035899741723,SPY,yfinance
2019-06-10,0.004588733994400851,SPY,yfinance
2019-06-11,-0.00024185296652656785,SPY,yfinance
2019-06-12,-0.0017653791730755097,SPY,yfinance
2019-06-13,0.004126346286993154,SPY,yfinance
2019-06-14,-0.0011050557529055371,SPY,yfinance
2019-06-17,0.00038004159728033393,SPY,yfinance
2019-06-18,0.01047111469922446,SPY,yfinance
2019-06-19,0.0022572691295534852,SPY,yfinance
2019-06-20,0.009554361382402288,SPY,yfinance
2019-06-21,-0.0014538503561228877,SPY,yfinance
2019-06-24,-0.0012242187062819765,SPY,yfinance
2019-06-25,-0.009808279873634751,SPY,yfinance
2019-06-26,-0.000997152549730651,SPY,yfinance
2019-06-27,0.0035460943518990096,SPY,yfinance
2019-06-28,0.005145659330104468,SPY,yfinance
2019-07-01,0.0090784688487624,SPY,yfinance
2019-07-02,0.002604361461653326,SPY,yfinance
2019-07-03,0.007995115063056613,SPY,yfinance
2019-07-05,-0.0011376453888354288,SPY,yfinance
2019-07-08,-0.005494998283060104,SPY,yfinance
2019-07-09,0.0012465481406669365,SPY,yfinance
2019-07-10,0.004778062838105779,SPY,yfinance
2019-07-11,0.002344252404315128,SPY,yfinance
2019-07-12,0.0044765972094256146,SPY,yfinance
2019-07-15,0.00033303744955670567,SPY,yfinance
2019-07-16,-0.0032255764730094727,SPY,yfinance
2019-07-17,-0.006804570928095721,SPY,yfinance
2019-07-18,0.0036608299013407564,SPY,yfinance
2019-07-19,-0.00555520770402762,SPY,yfinance
2019-07-22,0.0024564664411492743,SPY,yfinance
2019-07-23,0.007150126630382392,SPY,yfinance
2019-07-24,0.00469946271307875,SPY,yfinance
2019-07-25,-0.004777130435881571,SPY,yfinance
2019-07-26,0.0067003519752519836,SPY,yfinance
2019-07-29,-0.0018214472652672287,SPY,yfinance
2019-07-30,-0.002454499826883283,SPY,yfinance
2019-07-31,-0.010940699973408075,SPY,yfinance
2019-08-01,-0.008707602972205408,SPY,yfinance
2019-08-02,-0.00752985821528418,SPY,yfinance
2019-08-05,-0.0300727096349771,SPY,yfinance
2019-08-06,0.014022699685355411,SPY,yfinance
2019-08-07,0.0005907393437323272,SPY,yfinance
2019-08-08,0.019620096600214243,SPY,yfinance
2019-08-09,-0.006811610543741575,SPY,yfinance
2019-08-12,-0.012173197693567506,SPY,yfinance
2019-08-13,0.015551735154954338,SPY,yfinance
2019-08-14,-0.029567546812180656,SPY,yfinance
2019-08-15,0.0026419417274199386,SPY,yfinance
2019-08-16,0.014754491920069057,SPY,yfinance
2019-08-19,0.012048104180439001,SPY,yfinance
2019-08-20,-0.0076630142019535885,SPY,yfinance
2019-08-21,0.00813568516868246,SPY,yfinance
2019-08-22,-0.00030756145839927473,SPY,yfinance
2019-08-23,-0.025687668422389676,SPY,yfinance
2019-08-26,0.011058605508152963,SPY,yfinance
2019-08-27,-0.003923820752563589,SPY,yfinance
2019-08-28,0.0070413414980115,SPY,yfinance
2019-08-29,0.01277311826576688,SPY,yfinance
2019-08-30,-0.0004441989347522268,SPY,yfinance
2019-09-03,-0.005846895491008364,SPY,yfinance
2019-09-04,0.011350226328503688,SPY,yfinance
2019-09-05,0.012855525081653996,SPY,yfinance
2019-09-06,0.0007719060169615322,SPY,yfinance
2019-09-09,0.0005033483410317174,SPY,yfinance
2019-09-10,-0.00023492845761441394,SPY,yfinance
2019-09-11,0.007111139356393625,SPY,yfinance
2019-09-12,0.003463936268962353,SPY,yfinance
2019-09-13,-0.0006639884085124503,SPY,yfinance
2019-09-16,-0.0030885786301575457,SPY,yfinance
2019-09-17,0.0025319583506722143,SPY,yfinance
2019-09-18,0.0005979210228896914,SPY,yfinance
2019-09-19,-6.61720372198138e-05,SPY,yfinance
2019-09-20,-0.004724615409766431,SPY,yfinance
2019-09-23,-0.00023479830072181684,SPY,yfinance
2019-09-24,-0.007846940822896276,SPY,yfinance
2019-09-25,0.005914710124988343,SPY,yfinance
2019-09-26,-0.002083030305080391,SPY,yfinance
2019-09-27,-0.005387479074240753,SPY,yfinance
2019-09-30,0.004637805298514985,SPY,yfinance
2019-10-01,-0.011894638762116272,SPY,yfinance
2019-10-02,-0.017664554506659824,SPY,yfinance
2019-10-03,0.008192515970536496,SPY,yfinance
2019-10-04,0.01353218578234805,SPY,yfinance
2019-10-07,-0.0043142648118588145,SPY,yfinance
2019-10-08,-0.01552523179357701,SPY,yfinance
2019-10-09,0.009496349995667508,SPY,yfinance
2019-10-10,0.006763688213628605,SPY,yfinance
2019-10-11,0.010366673571144958,SPY,yfinance
2019-10-14,-0.0011137316784456397,SPY,yfinance
2019-10-15,0.009900279440719473,SPY,yfinance
2019-10-16,-0.0016057073853444903,SPY,yfinance
2019-10-17,0.002948812501588405,SPY,yfinance
2019-10-18,-0.00437663113102027,SPY,yfinance
2019-10-21,0.006778618402492276,SPY,yfinance
2019-10-22,-0.0032664267707388506,SPY,yfinance
2019-10-23,0.0029094640857836307,SPY,yfinance
2019-10-24,0.0016341478371684204,SPY,yfinance
2019-10-25,0.00409473654692305,SPY,yfinance
2019-10-28,0.005636440309277013,SPY,yfinance
2019-10-29,-0.0002966342249952625,SPY,yfinance
2019-10-30,0.0030676055234386546,SPY,yfinance
2019-10-31,-0.0026635469110303234,SPY,yfinance
2019-11-01,0.009263783909724932,SPY,yfinance
2019-11-04,0.0040178903214815875,SPY,yfinance
2019-11-05,-0.0011063009697629411,SPY,yfinance
2019-11-06,0.0002282162007489763,SPY,yfinance
2019-11-07,0.0035163283233750064,SPY,yfinance
2019-11-08,0.0024667103537807655,SPY,yfinance
2019-11-11,-0.001910138441316156,SPY,yfinance
2019-11-12,0.0021081663121313987,SPY,yfinance
2019-11-13,0.0003234170565029615,SPY,yfinance
2019-11-14,0.0014558833156748108,SPY,yfinance
2019-11-15,0.007236094438686003,SPY,yfinance
2019-11-18,0.0007379135709042473,SPY,yfinance
2019-11-19,-0.0002884517037525791,SPY,yfinance
2019-11-20,-0.003718894680984408,SPY,yfinance
2019-11-21,-0.0016089553808597001,SPY,yfinance
2019-11-22,0.002224044798013969,SPY,yfinance
2019-11-25,0.007750209629918237,SPY,yfinance
2019-11-26,0.002265546073064284,SPY,yfinance
2019-11-27,0.00445770421768632,SPY,yfinance
2019-11-29,-0.0037087453142067295,SPY,yfinance
2019-12-02,-0.008494519150170077,SPY,yfinance
2019-12-03,-0.006706763167041996,SPY,yfinance
2019-12-04,0.00617021560304809,SPY,yfinance
2019-12-05,0.001798037738321101,SPY,yfinance
2019-12-06,0.009134088850223154,SPY,yfinance
2019-12-09,-0.0031441423150441183,SPY,yfinance
2019-12-10,-0.0011151092058626633,SPY,yfinance
2019-12-11,0.002838621868937352,SPY,yfinance
2019-12-12,0.00861898289491303,SPY,yfinance
2019-12-13,0.0005993530288808113,SPY,yfinance
2019-12-16,0.0068698184214772695,SPY,yfinance
2019-12-17,0.0002193089792532632,SPY,yfinance
2019-12-18,6.258596381658599e-05,SPY,yfinance
2019-12-19,0.004098599065175401,SPY,yfinance
2019-12-20,0.004384299512336209,SPY,yfinance
2019-12-23,0.0015278324977490154,SPY,yfinance
2019-12-24,3.108389220241037e-05,SPY,yfinance
2019-12-26,0.005323288939499404,SPY,yfinance
2019-12-27,-0.0002477603334465339,SPY,yfinance
2019-12-30,-0.005513102695009597,SPY,yfinance
2019-12-31,0.0024292408333781434,SPY,yfinance
2020-01-02,0.009351965259415618,SPY,yfinance
2020-01-03,-0.007572134954533238,SPY,yfinance
2020-01-06,0.0038146958906413175,SPY,yfinance
2020-01-07,-0.0028114045600534654,SPY,yfinance
2020-01-08,0.005329173715769908,SPY,yfinance
2020-01-09,0.006781185347287666,SPY,yfinance
2020-01-10,-0.0028780161562290685,SPY,yfinance
2020-01-13,0.006876855343255217,SPY,yfinance
2020-01-14,-0.0015243374681538358,SPY,yfinance
2020-01-15,0.002259912357009064,SPY,yfinance
2020-01-16,0.008318299526345996,SPY,yfinance
2020-01-17,0.0031130415846207793,SPY,yfinance
2020-01-21,-0.0019583620459838746,SPY,yfinance
2020-01-22,0.00012095575609794018,SPY,yfinance
2020-01-23,0.0011467234579325414,SPY,yfinance
2020-01-24,-0.008893386772376943,SPY,yfinance
2020-01-27,-0.016029203213174137,SPY,yfinance
2020-01-28,0.01047906834099166,SPY,yfinance
2020-01-29,-0.0008260357984259947,SPY,yfinance
2020-01-30,0.0032453258596709667,SPY,yfinance
2020-01-31,-0.01815791935615696,SPY,yfinance
2020-02-03,0.007428587679858101,SPY,yfinance
2020-02-04,0.01524133801333849,SPY,yfinance
2020-02-05,0.011548113316306008,SPY,yfinance
2020-02-06,0.003364869200491505,SPY,yfinance
2020-02-07,-0.005329940153409041,SPY,yfinance
2020-02-10,0.007465471215525099,SPY,yfinance
2020-02-11,0.0017330529690193774,SPY,yfinance
2020-02-12,0.006442907348494176,SPY,yfinance
2020-02-13,-0.0010671745980973535,SPY,yfinance
2020-02-14,0.0016023234036111056,SPY,yfinance
2020-02-18,-0.002577045020688673,SPY,yfinance
2020-02-19,0.004781036273992845,SPY,yfinance
2020-02-20,-0.004108056635159896,SPY,yfinance
2020-02-21,-0.01029823463931645,SPY,yfinance
2020-02-24,-0.03316545274935123,SPY,yfinance
2020-02-25,-0.03030201968583124,SPY,yfinance
2020-02-26,-0.003678505458692749,SPY,yfinance
2020-02-27,-0.04491127735269229,SPY,yfinance
2020-02-28,-0.0042018726197853296,SPY,yfinance
2020-03-02,0.04330630202504859,SPY,yfinance
2020-03-03,-0.0286322608916616,SPY,yfinance
2020-03-04,0.04203307999858974,SPY,yfinance
2020-03-05,-0.033241556936144834,SPY,yfinance
2020-03-06,-0.01653132173730243,SPY,yfinance
2020-03-09,-0.07809452399304773,SPY,yfinance
2020-03-10,0.05174515955976777,SPY,yfinance
2020-03-11,-0.04874865055999156,SPY,yfinance
2020-03-12,-0.09567705362713519,SPY,yfinance
2020-03-13,0.08548620441957655,SPY,yfinance
2020-03-16,-0.1094235763060244,SPY,yfinance
2020-03-17,0.05399189998631382,SPY,yfinance
2020-03-18,-0.050632796017411,SPY,yfinance
2020-03-19,0.0021250326198942737,SPY,yfinance
2020-03-20,-0.04309441490340271,SPY,yfinance
2020-03-23,-0.02556833289428795,SPY,yfinance
2020-03-24,0.09060352840927499,SPY,yfinance
2020-03-25,0.014970045777002339,SPY,yfinance
2020-03-26,0.05839003262761122,SPY,yfinance
2020-03-27,-0.029785744803448977,SPY,yfinance
2020-03-30,0.032475714594037974,SPY,yfinance
2020-03-31,-0.014905452674061737,SPY,yfinance
2020-04-01,-0.045004880942736136,SPY,yfinance
2020-04-02,0.023075391765034148,SPY,yfinance
2020-04-03,-0.014454195368996725,SPY,yfinance
2020-04-06,0.06716617806364722,SPY,yfinance
2020-04-07,0.0010195494917388803,SPY,yfinance
2020-04-08,0.03356835428257665,SPY,yfinance
2020-04-09,0.015217494018233024,SPY,yfinance
2020-04-13,-0.009130165555291558,SPY,yfinance
2020-04-14,0.02949273663598051,SPY,yfinance
2020-04-15,-0.021247887576363644,SPY,yfinance
2020-04-16,0.004824297929172161,SPY,yfinance
2020-04-17,0.027015325023798775,SPY,yfinance
2020-04-20,-0.017618077929731024,SPY,yfinance
2020-04-21,-0.030363229296967553,SPY,yfinance
2020-04-22,0.02219472960436164,SPY,yfinance
2020-04-23,-7.208305395201009e-05,SPY,yfinance
2020-04-24,0.013938727128485873,SPY,yfinance
2020-04-27,0.014418544789563281,SPY,yfinance
2020-04-28,-0.004598311858969861,SPY,yfinance
2020-04-29,0.026178750795167627,SPY,yfinance
2020-04-30,-0.009311268234430181,SPY,yfinance
2020-05-01,-0.02647298494242689,SPY,yfinance
2020-05-04,0.0027581209840013,SPY,yfinance
2020-05-05,0.009239239618938466,SPY,yfinance
2020-05-06,-0.006778585539404136,SPY,yfinance
2020-05-07,0.012066556140757578,SPY,yfinance
2020-05-08,0.016546129958074696,SPY,yfinance
2020-05-11,0.00020536307544660737,SPY,yfinance
2020-05-12,-0.0199316777362899,SPY,yfinance
2020-05-13,-0.017685838127395215,SPY,yfinance
2020-05-14,0.011967549728132854,SPY,yfinance
2020-05-15,0.004596807724519536,SPY,yfinance
2020-05-18,0.03045966128048616,SPY,yfinance
2020-05-19,-0.01027110134683007,SPY,yfinance
2020-05-20,0.016987631321553565,SPY,yfinance
2020-05-21,-0.006903708103077388,SPY,yfinance
2020-05-22,0.00189928562317343,SPY,yfinance
2020-05-26,0.012320717569091144,SPY,yfinance
2020-05-27,0.014878894538796095,SPY,yfinance
2020-05-28,-0.0018450499308639845,SPY,yfinance
2020-05-29,0.004455744061482525,SPY,yfinance
2020-06-01,0.00404183170358241,SPY,yfinance
2020-06-02,0.00828005214432559,SPY,yfinance
2020-06-03,0.013308450862526078,SPY,yfinance
2020-06-04,-0.0026270301978200683,SPY,yfinance
2020-06-05,0.025629802709141503,SPY,yfinance
2020-06-08,0.012087349446125994,SPY,yfinance
2020-06-09,-0.007456549513350064,SPY,yfinance
2020-06-10,-0.005579989613714198,SPY,yfinance
2020-06-11,-0.05764909420757425,SPY,yfinance
2020-06-12,0.011975967886501904,SPY,yfinance
2020-06-15,0.009335257671205577,SPY,yfinance
2020-06-16,0.019247871117619164,SPY,yfinance
2020-06-17,-0.004153968945000752,SPY,yfinance
2020-06-18,0.00038507715763835826,SPY,yfinance
2020-06-19,-0.0057148369817994205,SPY,yfinance
2020-06-22,0.006415409233605729,SPY,yfinance
2020-06-23,0.00460352607836545,SPY,yfinance
2020-06-24,-0.025508638478288104,SPY,yfinance
2020-06-25,0.01072041380788602,SPY,yfinance
2020-06-26,-0.023751414990956787,SPY,yfinance
2020-06-29,0.01469774030904003,SPY,yfinance
2020-06-30,0.012809170735710973,SPY,yfinance
2020-07-01,0.007004994318377422,SPY,yfinance
2020-07-02,0.005506702182286105,SPY,yfinance
2020-07-06,0.015437391524816269,SPY,yfinance
2020-07-07,-0.010313788070217322,SPY,yfinance
2020-07-08,0.007648648819468251,SPY,yfinance
2020-07-09,-0.005692786481827472,SPY,yfinance
2020-07-10,0.010210555112458497,SPY,yfinance
2020-07-13,-0.008659253053302063,SPY,yfinance
2020-07-14,0.012959347620135508,SPY,yfinance
2020-07-15,0.00918725849698343,SPY,yfinance
2020-07-16,-0.003293509291146801,SPY,yfinance
2020-07-17,0.0028989422647338614,SPY,yfinance
2020-07-20,0.008081555066220991,SPY,yfinance
2020-07-21,0.0021275858484355314,SPY,yfinance
2020-07-22,0.0056919927069596365,SPY,yfinance
2020-07-23,-0.011931553594659916,SPY,yfinance
2020-07-24,-0.006440338494398956,SPY,yfinance
2020-07-27,0.007292139966812883,SPY,yfinance
2020-07-28,-0.006342305107825852,SPY,yfinance
2020-07-29,0.012298751054749868,SPY,yfinance
2020-07-30,-0.00356812338181689,SPY,yfinance
2020-07-31,0.007902427119385491,SPY,yfinance
2020-08-03,0.006952186332927601,SPY,yfinance
2020-08-04,0.0038626573631006522,SPY,yfinance
2020-08-05,0.006210869121104912,SPY,yfinance
2020-08-06,0.006684587777948003,SPY,yfinance
2020-08-07,0.000718049255034936,SPY,yfinance
2020-08-10,0.0029889841780930126,SPY,yfinance
2020-08-11,-0.008254778194328627,SPY,yfinance
2020-08-12,0.013942331901193539,SPY,yfinance
2020-08-13,-0.0018077192108097995,SPY,yfinance
2020-08-14,2.973345284273954e-05,SPY,yfinance
2020-08-17,0.003176576623430183,SPY,yfinance
2020-08-18,0.0021602789024237623,SPY,yfinance
2020-08-19,-0.004163664477630835,SPY,yfinance
2020-08-20,0.0031136046695345865,SPY,yfinance
2020-08-21,0.0035472485910523766,SPY,yfinance
2020-08-24,0.010132984899298592,SPY,yfinance
2020-08-25,0.003499541388219285,SPY,yfinance
2020-08-26,0.010025554468574116,SPY,yfinance
2020-08-27,0.002186682632981274,SPY,yfinance
2020-08-28,0.006459194345742603,SPY,yfinance
2020-08-31,-0.003622577625720602,SPY,yfinance
2020-09-01,0.009418616171117833,SPY,yfinance
2020-09-02,0.014464104090404106,SPY,yfinance
2020-09-03,-0.034414229305112176,SPY,yfinance
2020-09-04,-0.008164586331677048,SPY,yfinance
2020-09-08,-0.02732289207380445,SPY,yfinance
2020-09-09,0.01974710304698246,SPY,yfinance
2020-09-10,-0.01736355718148097,SPY,yfinance
2020-09-11,0.0005089295304354646,SPY,yfinance
2020-09-14,0.013171512543713515,SPY,yfinance
2020-09-15,0.005052121333334991,SPY,yfinance
2020-09-16,-0.003968385837368138,SPY,yfinance
2020-09-17,-0.008795552403048745,SPY,yfinance
2020-09-18,-0.01151271953945976,SPY,yfinance
2020-09-21,-0.01112956175527291,SPY,yfinance
2020-09-22,0.010184627587803252,SPY,yfinance
2020-09-23,-0.023191108765957202,SPY,yfinance
2020-09-24,0.0026657328183699036,SPY,yfinance
2020-09-25,0.01616670221704064,SPY,yfinance
2020-09-28,0.01660942748500216,SPY,yfinance
2020-09-29,-0.005445889196911136,SPY,yfinance
2020-09-30,0.007581819916102184,SPY,yfinance
2020-10-01,0.00642001508787593,SPY,yfinance
2020-10-02,-0.009494405635321113,SPY,yfinance
2020-10-05,0.01773293103937945,SPY,yfinance
2020-10-06,-0.014215820361610398,SPY,yfinance
2020-10-07,0.017406585128343144,SPY,yfinance
2020-10-08,0.00886267790931039,SPY,yfinance
2020-10-09,0.00892990185056286,SPY,yfinance
2020-10-12,0.01608759707713614,SPY,yfinance
2020-10-13,-0.006525901273289225,SPY,yfinance
2020-10-14,-0.0062834927407497965,SPY,yfinance
2020-10-15,-0.001235842361735351,SPY,yfinance
2020-10-16,-0.0006041435131215467,SPY,yfinance
2020-10-19,-0.015203721430398276,SPY,yfinance
2020-10-20,0.00400561110909492,SPY,yfinance
2020-10-21,-0.001892756577237975,SPY,yfinance
2020-10-22,0.005485205966102802,SPY,yfinance
2020-10-23,0.0033953173070713216,SPY,yfinance
2020-10-26,-0.018479904158668736,SPY,yfinance
2020-10-27,-0.0034471503075682586,SPY,yfinance
2020-10-28,-0.03417910328632012,SPY,yfinance
2020-10-29,0.010163350320793851,SPY,yfinance
2020-10-30,-0.010424849714593898,SPY,yfinance
2020-11-02,0.011208646716412751,SPY,yfinance
2020-11-03,0.017655826097585647,SPY,yfinance
2020-11-04,0.02234929363417426,SPY,yfinance
2020-11-05,0.019502539205458858,SPY,yfinance
2020-11-06,-0.0002284120960278635,SPY,yfinance
2020-11-09,0.012565817456476225,SPY,yfinance
2020-11-10,-0.0014665889314179337,SPY,yfinance
2020-11-11,0.007428612768309417,SPY,yfinance
2020-11-12,-0.009701049900212144,SPY,yfinance
2020-11-13,0.013844593858390208,SPY,yfinance
2020-11-16,0.012482465967566858,SPY,yfinance
2020-11-17,-0.005378366586626271,SPY,yfinance
2020-11-18,-0.012034549690787655,SPY,yfinance
2020-11-19,0.0042099822068397685,SPY,yfinance
2020-11-20,-0.0068477249595751966,SPY,yfinance
2020-11-23,0.005994379094099056,SPY,yfinance
2020-11-24,0.016113867251698943,SPY,yfinance
2020-11-25,-0.001541837303398963,SPY,yfinance
2020-11-27,0.002785057639255184,SPY,yfinance
2020-11-30,-0.004427240574257585,SPY,yfinance
2020-12-01,0.010937373837302866,SPY,yfinance
2020-12-02,0.0021037975389437413,SPY,yfinance
2020-12-03,-0.00027258741735758374,SPY,yfinance
2020-12-04,0.008617709115260608,SPY,yfinance
2020-12-07,-0.0020551292333410576,SPY,yfinance
2020-12-08,0.0029262591959036133,SPY,yfinance
2020-12-09,-0.008968655330477526,SPY,yfinance
2020-12-10,-0.0003274641362157604,SPY,yfinance
2020-12-11,-0.001172488382840342,SPY,yfinance
2020-12-14,-0.004477151160360959,SPY,yfinance
2020-12-15,0.013519303618051648,SPY,yfinance
2020-12-16,0.001569510660959006,SPY,yfinance
2020-12-17,0.005591935787544244,SPY,yfinance
2020-12-18,-0.003992862780994866,SPY,yfinance
2020-12-21,-0.0035754567351620192,SPY,yfinance
2020-12-22,-0.0016855126118476838,SPY,yfinance
2020-12-23,0.0008986308354543837,SPY,yfinance
2020-12-24,0.0038903329404740283,SPY,yfinance
2020-12-28,0.00859093310173531,SPY,yfinance
2020-12-29,-0.0019076916138729416,SPY,yfinance
2020-12-30,0.0014267521994328902,SPY,yfinance
2020-12-31,0.005080768031928029,SPY,yfinance
2021-01-04,-0.013614111728989853,SPY,yfinance
2021-01-05,0.006887629023598407,SPY,yfinance
2021-01-06,0.005978619034523902,SPY,yfinance
2021-01-07,0.014857280159423114,SPY,yfinance
2021-01-08,0.005697664735709651,SPY,yfinance
2021-01-11,-0.006740768083167703,SPY,yfinance
2021-01-12,0.00021113446469311903,SPY,yfinance
2021-01-13,0.002693018948152659,SPY,yfinance
2021-01-14,-0.0035021559397639956,SPY,yfinance
2021-01-15,-0.007292335524871185,SPY,yfinance
2021-01-19,0.007851459321059018,SPY,yfinance
2021-01-20,0.013839128603529316,SPY,yfinance
2021-01-21,0.0009114038283231096,SPY,yfinance
2021-01-22,-0.0035393197220177086,SPY,yfinance
2021-01-25,0.003943938942235992,SPY,yfinance
2021-01-26,-0.0015609225433442786,SPY,yfinance
2021-01-27,-0.024440409978086608,SPY,yfinance
2021-01-28,0.008600144291553091,SPY,yfinance
2021-01-29,-0.02001971432031391,SPY,yfinance
2021-02-01,0.016645603253524488,SPY,yfinance
2021-02-02,0.014140131628589625,SPY,yfinance
2021-02-03,0.0007861417725494313,SPY,yfinance
2021-02-04,0.011365806018265978,SPY,yfinance
2021-02-05,0.0039359411320107895,SPY,yfinance
2021-02-08,0.007221930235751461,SPY,yfinance
2021-02-09,-0.0006658582124947632,SPY,yfinance
2021-02-10,-0.0004354650681245298,SPY,yfinance
2021-02-11,0.0016150489145188018,SPY,yfinance
2021-02-12,0.004939695674338829,SPY,yfinance
2021-02-16,-0.0008660461324648816,SPY,yfinance
2021-02-17,0.000229546983554485,SPY,yfinance
2021-02-18,-0.0042560458006134505,SPY,yfinance
2021-02-19,-0.0017659418876918576,SPY,yfinance
2021-02-22,-0.007691755554218194,SPY,yfinance
2021-02-23,0.0012142680905067316,SPY,yfinance
2021-02-24,0.0110193834928356,SPY,yfinance
2021-02-25,-0.024095713111024986,SPY,yfinance
2021-02-26,-0.005152656505457154,SPY,yfinance
2021-03-01,0.024240225717521602,SPY,yfinance
2021-03-02,-0.007803214991220164,SPY,yfinance
2021-03-03,-0.013245650919123553,SPY,yfinance
2021-03-04,-0.012374821209991338,SPY,yfinance
2021-03-05,0.01839637809014305,SPY,yfinance
2021-03-08,-0.004978478660800256,SPY,yfinance
2021-03-09,0.014277531257755882,SPY,yfinance
2021-03-10,0.006224428608901045,SPY,yfinance
2021-03-11,0.010139366325156551,SPY,yfinance
2021-03-12,0.0013466534794699392,SPY,yfinance
2021-03-15,0.005963443678462799,SPY,yfinance
2021-03-16,-0.001261120185663378,SPY,yfinance
2021-03-17,0.0034098208736579316,SPY,yfinance
2021-03-18,-0.014549912096154971,SPY,yfinance
2021-03-19,-0.001850019854239271,SPY,yfinance
2021-03-22,0.007984771065561391,SPY,yfinance
2021-03-23,-0.007870500491921839,SPY,yfinance
2021-03-24,-0.00508357245812574,SPY,yfinance
2021-03-25,0.005625400770913558,SPY,yfinance
2021-03-26,0.016115224766808378,SPY,yfinance
2021-03-29,-0.0005053275168408478,SPY,yfinance
2021-03-30,-0.002652824722117142,SPY,yfinance
2021-03-31,0.004053187354022381,SPY,yfinance
2021-04-01,0.010798971539082824,SPY,yfinance
2021-04-05,0.014353250191997624,SPY,yfinance
2021-04-06,-0.0005904372009368775,SPY,yfinance
2021-04-07,0.0011569526093544447,SPY,yfinance
2021-04-08,0.004746944288719357,SPY,yfinance
2021-04-09,0.007270216969150534,SPY,yfinance
2021-04-12,0.00036463110084139494,SPY,yfinance
2021-04-13,0.0029638497486375037,SPY,yfinance
2021-04-14,-0.0034153033034516334,SPY,yfinance
2021-04-15,0.010742335392020852,SPY,yfinance
2021-04-16,0.003342500289528205,SPY,yfinance
2021-04-19,-0.004913101970690947,SPY,yfinance
2021-04-20,-0.007321561241604213,SPY,yfinance
2021-04-21,0.009462151907655203,SPY,yfinance
2021-04-22,-0.009133151977583909,SPY,yfinance
2021-04-23,0.010842310801866706,SPY,yfinance
2021-04-26,0.002087700677650073,SPY,yfinance
2021-04-27,-0.00021532214211106293,SPY,yfinance
2021-04-28,-0.00028736671138385184,SPY,yfinance
2021-04-29,0.006372575957620308,SPY,yfinance
2021-04-30,-0.006570325436735636,SPY,yfinance
2021-05-03,0.0021565431729497764,SPY,yfinance
2021-05-04,-0.006169198666729936,SPY,yfinance
2021-05-05,0.00031289436088899336,SPY,yfinance
2021-05-06,0.00798542714168149,SPY,yfinance
2021-05-07,0.0072779035945014225,SPY,yfinance
2021-05-10,-0.00990225388785726,SPY,yfinance
2021-05-11,-0.008924668697425253,SPY,yfinance
2021-05-12,-0.0212452736480101,SPY,yfinance
2021-05-13,0.01201243701981558,SPY,yfinance
2021-05-14,0.015355291968681017,SPY,yfinance
2021-05-17,-0.0025444480324333663,SPY,yfinance
2021-05-18,-0.008615551903543683,SPY,yfinance
2021-05-19,-0.002621967992573193,SPY,yfinance
2021-05-20,0.010758081504227412,SPY,yfinance
2021-05-21,-0.0008189122142314709,SPY,yfinance
2021-05-24,0.01019447387558281,SPY,yfinance
2021-05-25,-0.0022187930775900977,SPY,yfinance
2021-05-26,0.001984510784732496,SPY,yfinance
2021-05-27,0.000525046364541204,SPY,yfinance
2021-05-28,0.0017887718679192588,SPY,yfinance
2021-06-01,-0.0008809649494967431,SPY,yfinance
2021-06-02,0.0015726535334252834,SPY,yfinance
2021-06-03,-0.0037113373532038363,SPY,yfinance
2021-06-04,0.009145815506174104,SPY,yfinance
2021-06-07,-0.0009700338707745448,SPY,yfinance
2021-06-08,0.00021298623181764675,SPY,yfinance
2021-06-09,-0.001491978930304838,SPY,yfinance
2021-06-10,0.004648380994123569,SPY,yfinance
2021-06-11,0.0016525925687096432,SPY,yfinance
2021-06-14,0.0022389663622159883,SPY,yfinance
2021-06-15,-0.0018341175836025236,SPY,yfinance
2021-06-16,-0.005583434883570715,SPY,yfinance
2021-06-17,-0.0003315381916825233,SPY,yfinance
2021-06-18,-0.013490483293350453,SPY,yfinance
2021-06-21,0.014315778038564764,SPY,yfinance
2021-06-22,0.005346353358762546,SPY,yfinance
2021-06-23,-0.0012051688094584234,SPY,yfinance
2021-06-24,0.0059158204558549254,SPY,yfinance
2021-06-25,0.0035519232229295206,SPY,yfinance
2021-06-28,0.0020158776896785913,SPY,yfinance
2021-06-29,0.0005381163186077842,SPY,yfinance
2021-06-30,0.0008416537990774131,SPY,yfinance
2021-07-01,0.005536563956824114,SPY,yfinance
2021-07-02,0.007643591047147069,SPY,yfinance
2021-07-06,-0.0018214624397805412,SPY,yfinance
2021-07-07,0.003533948230445505,SPY,yfinance
2021-07-08,-0.008147801044989245,SPY,yfinance
2021-07-09,0.010674572940370552,SPY,yfinance
2021-07-12,0.003582178707666861,SPY,yfinance
2021-07-13,-0.0034091152104643863,SPY,yfinance
2021-07-14,0.0014921412672053158,SPY,yfinance
2021-07-15,-0.0034153817302012834,SPY,yfinance
2021-07-16,-0.007843614343242655,SPY,yfinance
2021-07-19,-0.014768151356921555,SPY,yfinance
2021-07-20,0.01433060015169385,SPY,yfinance
2021-07-21,0.008096318079223286,SPY,yfinance
2021-07-22,0.0020940123089550067,SPY,yfinance
2021-07-23,0.01028820680611231,SPY,yfinance
2021-07-26,0.0024546377277330222,SPY,yfinance
2021-07-27,-0.00455755710331196,SPY,yfinance
2021-07-28,-0.0004098741007714235,SPY,yfinance
2021-07-29,0.004147400251027333,SPY,yfinance
2021-07-30,-0.004856576522269895,SPY,yfinance
2021-08-02,-0.002098200164478259,SPY,yfinance
2021-08-03,0.008135666284066811,SPY,yfinance
2021-08-04,-0.004918770557629015,SPY,yfinance
2021-08-05,0.006332670837700949,SPY,yfinance
2021-08-06,0.0016524394972998735,SPY,yfinance
2021-08-09,-0.0008134484251470786,SPY,yfinance
2021-08-10,0.0012439275020164065,SPY,yfinance
2021-08-11,0.002484984848559524,SPY,yfinance
2021-08-12,0.002996650426890346,SPY,yfinance
2021-08-13,0.0018199981312714275,SPY,yfinance
2021-08-16,0.0023547462770199257,SPY,yfinance
2021-08-17,-0.006555300061307889,SPY,yfinance
2021-08-18,-0.010944979813991229,SPY,yfinance
2021-08-19,0.001548390541469491,SPY,yfinance
2021-08-20,0.007956996412665562,SPY,yfinance
2021-08-23,0.008796534216938712,SPY,yfinance
2021-08-24,0.0015874823582731068,SPY,yfinance
2021-08-25,0.0020983118193727,SPY,yfinance
2021-08-26,-0.005903192089745768,SPY,yfinance
2021-08-27,0.008940940907920858,SPY,yfinance
2021-08-30,0.00439750875107503,SPY,yfinance
2021-08-31,-0.0014816716055719992,SPY,yfinance
2021-09-01,0.0005314064224879456,SPY,yfinance
2021-09-02,0.0030768150599367328,SPY,yfinance
2021-09-03,-0.00024268521815618005,SPY,yfinance
2021-09-07,-0.0035756778002623557,SPY,yfinance
2021-09-08,-0.00121822036955066,SPY,yfinance
2021-09-09,-0.00428020322225775,SPY,yfinance
2021-09-10,-0.007884518337135882,SPY,yfinance
2021-09-13,0.002559226016002336,SPY,yfinance
2021-09-14,-0.005396587050130908,SPY,yfinance
2021-09-15,0.008352870389067846,SPY,yfinance
2021-09-16,-0.0015855028437830043,SPY,yfinance
2021-09-17,-0.009741156420471464,SPY,yfinance
2021-09-20,-0.01667393444116816,SPY,yfinance
2021-09-21,-0.0009446632993371784,SPY,yfinance
2021-09-22,0.00975480438920906,SPY,yfinance
2021-09-23,0.01214998172383197,SPY,yfinance
2021-09-24,0.0016470858666846055,SPY,yfinance
2021-09-27,-0.0028606389940286636,SPY,yfinance
2021-09-28,-0.020151961693179343,SPY,yfinance
2021-09-29,0.0016831605724108023,SPY,yfinance
2021-09-30,-0.012222330821988647,SPY,yfinance
2021-10-01,0.011884114170710225,SPY,yfinance
2021-10-04,-0.012895931086134738,SPY,yfinance
2021-10-05,0.010404963651321042,SPY,yfinance
2021-10-06,0.004156095156484296,SPY,yfinance
2021-10-07,0.008645424934911272,SPY,yfinance
2021-10-08,-0.001823617868095151,SPY,yfinance
2021-10-11,-0.007239660990056684,SPY,yfinance
2021-10-12,-0.0024615632793908437,SPY,yfinance
2021-10-13,0.003597465131330857,SPY,yfinance
2021-10-14,0.016820644543704688,SPY,yfinance
2021-10-15,0.007615823881202299,SPY,yfinance
2021-10-18,0.0029605563262569135,SPY,yfinance
2021-10-19,0.007714899501295891,SPY,yfinance
2021-10-20,0.003927693157986134,SPY,yfinance
2021-10-21,0.002608337422950635,SPY,yfinance
2021-10-22,-0.0010362118761990669,SPY,yfinance
2021-10-25,0.0053627537404796755,SPY,yfinance
2021-10-26,0.0009000586427756474,SPY,yfinance
2021-10-27,-0.004430244422785612,SPY,yfinance
2021-10-28,0.009648907881711466,SPY,yfinance
2021-10-29,0.00202929008846664,SPY,yfinance
2021-11-01,0.0017200849912706317,SPY,yfinance
2021-11-02,0.004042982410147333,SPY,yfinance
2021-11-03,0.00610520691601546,SPY,yfinance
2021-11-04,0.004712577482290481,SPY,yfinance
2021-11-05,0.0034696013389750036,SPY,yfinance
2021-11-08,0.0008538519128520328,SPY,yfinance
2021-11-09,-0.003305325572907414,SPY,yfinance
2021-11-10,-0.008045107726537437,SPY,yfinance
2021-11-11,0.00032357678033756443,SPY,yfinance
2021-11-12,0.007547029282101159,SPY,yfinance
2021-11-15,0.000342378313446412,SPY,yfinance
2021-11-16,0.003957949941948202,SPY,yfinance
2021-11-17,-0.002429480958296981,SPY,yfinance
2021-11-18,0.0033966859895180335,SPY,yfinance
2021-11-19,-0.0017883488203539466,SPY,yfinance
2021-11-22,-0.002815485091845482,SPY,yfinance
2021-11-23,0.0013262816788439658,SPY,yfinance
2021-11-24,0.0026697131712090094,SPY,yfinance
2021-11-26,-0.022303101268606462,SPY,yfinance
2021-11-29,0.012266505736018951,SPY,yfinance
2021-11-30,-0.019457434281486607,SPY,yfinance
2021-12-01,-0.011107247920201457,SPY,yfinance
2021-12-02,0.01531621265438643,SPY,yfinance
2021-12-03,-0.008701219107549285,SPY,yfinance
2021-12-06,0.011843362944008007,SPY,yfinance
2021-12-07,0.020684854698029165,SPY,yfinance
2021-12-08,0.002647778124332145,SPY,yfinance
2021-12-09,-0.006751417781139635,SPY,yfinance
2021-12-10,0.009413372524625041,SPY,yfinance
2021-12-13,-0.008858425193375097,SPY,yfinance
2021-12-14,-0.006880037183748522,SPY,yfinance
2021-12-15,0.015625176250724238,SPY,yfinance
2021-12-16,-0.008818496180569402,SPY,yfinance
2021-12-17,-0.01064310459448714,SPY,yfinance
2021-12-20,-0.010633295753983751,SPY,yfinance
2021-12-21,0.017759047344589884,SPY,yfinance
2021-12-22,0.009998627903688329,SPY,yfinance
2021-12-23,0.006222114254405664,SPY,yfinance
2021-12-27,0.01415218984946387,SPY,yfinance
2021-12-28,-0.0008172004148091494,SPY,yfinance
2021-12-29,0.0012792428282657475,SPY,yfinance
2021-12-30,-0.002764504314748728,SPY,yfinance
2021-12-31,-0.002520245359592721,SPY,yfinance
2022-01-03,0.005789993127503612,SPY,yfinance
2022-01-04,-0.00033501014477355096,SPY,yfinance
2022-01-05,-0.019202033360498083,SPY,yfinance
2022-01-06,-0.0009394740299181192,SPY,yfinance
2022-01-07,-0.00395355261826158,SPY,yfinance
2022-01-10,-0.0012443497408471949,SPY,yfinance
2022-01-11,0.009108524721018973,SPY,yfinance
2022-01-12,0.002703319717106689,SPY,yfinance
2022-01-13,-0.013778648081764766,SPY,yfinance
2022-01-14,0.0004090031389407667,SPY,yfinance
2022-01-18,-0.017709563739420897,SPY,yfinance
2022-01-19,-0.010383625279263509,SPY,yfinance
2022-01-20,-0.011067973985577795,SPY,yfinance
2022-01-21,-0.019630624797153384,SPY,yfinance
2022-01-24,0.0042466709088566645,SPY,yfinance
2022-01-25,-0.012208943168183772,SPY,yfinance
2022-01-26,-0.0025088411445778336,SPY,yfinance
2022-01-27,-0.004937889707922527,SPY,yfinance
2022-01-28,0.02483544770803814,SPY,yfinance
2022-01-31,0.018010992199584797,SPY,yfinance
2022-02-01,0.006756988988147139,SPY,yfinance
2022-02-02,0.009714063286754504,SPY,yfinance
2022-02-03,-0.023505024983448086,SPY,yfinance
2022-02-04,0.0047022610041347335,SPY,yfinance
2022-02-07,-0.0032093062021160135,SPY,yfinance
2022-02-08,0.00822786188064728,SPY,yfinance
2022-02-09,0.014636116218005535,SPY,yfinance
2022-02-10,-0.0179657649704279,SPY,yfinance
2022-02-11,-0.019718644906642546,SPY,yfinance
2022-02-14,-0.0032692718995386283,SPY,yfinance
2022-02-15,0.016126814490457164,SPY,yfinance
2022-02-16,0.0011208442881431857,SPY,yfinance
2022-02-17,-0.02136144128591677,SPY,yfinance
2022-02-18,-0.006475050452751652,SPY,yfinance
2022-02-22,-0.01073153316705766,SPY,yfinance
2022-02-23,-0.01773878951458885,SPY,yfinance
2022-02-24,0.015049191169609788,SPY,yfinance
2022-02-25,0.02206402247960093,SPY,yfinance
2022-02-28,-0.0025585495172558703,SPY,yfinance
2022-03-01,-0.015230267393768315,SPY,yfinance
2022-03-02,0.018396301403781568,SPY,yfinance
2022-03-03,-0.004978640384213029,SPY,yfinance
2022-03-04,-0.008124552564908405,SPY,yfinance
2022-03-07,-0.02947928248270515,SPY,yfinance
2022-03-08,-0.007581451725176547,SPY,yfinance
2022-03-09,0.026810731411606614,SPY,yfinance
2022-03-10,-0.0045157116656679985,SPY,yfinance
2022-03-11,-0.012714897344248577,SPY,yfinance
2022-03-14,-0.007308289476896435,SPY,yfinance
2022-03-15,0.021990316121315967,SPY,yfinance
2022-03-16,0.022174221963116914,SPY,yfinance
2022-03-17,0.01251094172707412,SPY,yfinance
2022-03-18,0.010952667942436545,SPY,yfinance
2022-03-21,-0.00029230705720939554,SPY,yfinance
2022-03-22,0.011701434211101258,SPY,yfinance
2022-03-23,-0.012878442421058844,SPY,yfinance
2022-03-24,0.01507427407653461,SPY,yfinance
2022-03-25,0.004883607952312463,SPY,yfinance
2022-03-28,0.007112883343711962,SPY,yfinance
2022-03-29,0.012371057448294698,SPY,yfinance
2022-03-30,-0.006174820127296088,SPY,yfinance
2022-03-31,-0.015391398481024443,SPY,yfinance
2022-04-01,0.0028344303237057833,SPY,yfinance
2022-04-04,0.008566483472312925,SPY,yfinance
2022-04-05,-0.012631399696672485,SPY,yfinance
2022-04-06,-0.009999347887269194,SPY,yfinance
2022-04-07,0.0050389051493240355,SPY,yfinance
2022-04-08,-0.002673904010525474,SPY,yfinance
2022-04-11,-0.017092344401141824,SPY,yfinance
2022-04-12,-0.003705203016417302,SPY,yfinance
2022-04-13,0.01145363052229409,SPY,yfinance
2022-04-14,-0.012451754824372108,SPY,yfinance
2022-04-18,0.0004110565974104752,SPY,yfinance
2022-04-19,0.016142879349307027,SPY,yfinance
2022-04-20,-0.0007417617595435466,SPY,yfinance
2022-04-21,-0.014953576831035376,SPY,yfinance
2022-04-22,-0.027439083870353098,SPY,yfinance
2022-04-25,0.005797614219184677,SPY,yfinance
2022-04-26,-0.028960813870797075,SPY,yfinance
2022-04-27,0.0028118416830591464,SPY,yfinance
2022-04-28,0.025259344225323277,SPY,yfinance
2022-04-29,-0.036955694311715304,SPY,yfinance
2022-05-02,0.00601944972903512,SPY,yfinance
2022-05-03,0.00458411605925213,SPY,yfinance
2022-05-04,0.03045294589022518,SPY,yfinance
2022-05-05,-0.035542788875921216,SPY,yfinance
2022-05-06,-0.005969038157187523,SPY,yfinance
2022-05-09,-0.03201725366559249,SPY,yfinance
2022-05-10,0.0023105791999273873,SPY,yfinance
2022-05-11,-0.01588625965289736,SPY,yfinance
2022-05-12,-0.001043750907872787,SPY,yfinance
2022-05-13,0.023907971751550905,SPY,yfinance
2022-05-16,-0.004057694663614497,SPY,yfinance
2022-05-17,0.020570475560202084,SPY,yfinance
2022-05-18,-0.040311640889178935,SPY,yfinance
2022-05-19,-0.006124719129050327,SPY,yfinance
2022-05-20,0.0004366447367167847,SPY,yfinance
2022-05-23,0.018710168281097284,SPY,yfinance
2022-05-24,-0.007633883019928178,SPY,yfinance
2022-05-25,0.008834863983787189,SPY,yfinance
2022-05-26,0.01998133498746779,SPY,yfinance
2022-05-27,0.024549143960747477,SPY,yfinance
2022-05-31,-0.005610983946860659,SPY,yfinance
2022-06-01,-0.008088379149362446,SPY,yfinance
2022-06-02,0.01904323672033925,SPY,yfinance
2022-06-03,-0.016411329186388324,SPY,yfinance
2022-06-06,0.0030448194118077865,SPY,yfinance
2022-06-07,0.009592140206047928,SPY,yfinance
2022-06-08,-0.010872110797431112,SPY,yfinance
2022-06-09,-0.023783098045440543,SPY,yfinance
2022-06-10,-0.028995598204576534,SPY,yfinance
2022-06-13,-0.037968113932637326,SPY,yfinance
2022-06-14,-0.003013378872429251,SPY,yfinance
2022-06-15,0.014256383201532774,SPY,yfinance
2022-06-16,-0.03309606879308058,SPY,yfinance
2022-06-17,0.0021559697342696804,SPY,yfinance
2022-06-21,0.02517350162712484,SPY,yfinance
2022-06-22,-0.001812722550369572,SPY,yfinance
2022-06-23,0.009802258297590072,SPY,yfinance
2022-06-24,0.03179397032259268,SPY,yfinance
2022-06-27,-0.003819749887509105,SPY,yfinance
2022-06-28,-0.020432925416896897,SPY,yfinance
2022-06-29,-0.0008144937539591446,SPY,yfinance
2022-06-30,-0.008124222096404954,SPY,yfinance
2022-07-01,0.01057659667411981,SPY,yfinance
2022-07-05,0.0018884193483639233,SPY,yfinance
2022-07-06,0.003377447070703088,SPY,yfinance
2022-07-07,0.01497709627273891,SPY,yfinance
2022-07-08,-0.0008224566747027096,SPY,yfinance
2022-07-11,-0.011423489176283885,SPY,yfinance
2022-07-12,-0.008848956974389144,SPY,yfinance
2022-07-13,-0.005251780920699112,SPY,yfinance
2022-07-14,-0.0024285193101615254,SPY,yfinance
2022-07-15,0.01910523048414503,SPY,yfinance
2022-07-18,-0.008256969084517007,SPY,yfinance
2022-07-19,0.027018931058327533,SPY,yfinance
2022-07-20,0.006373276818782525,SPY,yfinance
2022-07-21,0.01018317828651516,SPY,yfinance
2022-07-22,-0.009278039632350521,SPY,yfinance
2022-07-25,0.0012150031307727183,SPY,yfinance
2022-07-26,-0.011831113239054947,SPY,yfinance
2022-07-27,0.02596633269470039,SPY,yfinance
2022-07-28,0.012542594609336266,SPY,yfinance
2022-07-29,0.014578501451136372,SPY,yfinance
2022-08-01,-0.0029612716671547634,SPY,yfinance
2022-08-02,-0.006597421131760206,SPY,yfinance
2022-08-03,0.015659637315509567,SPY,yfinance
2022-08-04,-0.000675469935079609,SPY,yfinance
2022-08-05,-0.0016904365160959056,SPY,yfinance
2022-08-08,-0.0011608374587577241,SPY,yfinance
2022-08-09,-0.003970732834558066,SPY,yfinance
2022-08-10,0.02100384745270767,SPY,yfinance
2022-08-11,0.0,SPY,yfinance
2022-08-12,0.01692892489342146,SPY,yfinance
2022-08-15,0.004120819737049253,SPY,yfinance
2022-08-16,0.001958695405081423,SPY,yfinance
2022-08-17,-0.007097945914341097,SPY,yfinance
2022-08-18,0.0029064849001572135,SPY,yfinance
2022-08-19,-0.013438159961570273,SPY,yfinance
2022-08-22,-0.020822379471001518,SPY,yfinance
2022-08-23,-0.002419378144539075,SPY,yfinance
2022-08-24,0.0032011873058637175,SPY,yfinance
2022-08-25,0.014117609615689197,SPY,yfinance
2022-08-26,-0.033849205769041046,SPY,yfinance
2022-08-29,-0.006612060146716003,SPY,yfinance
2022-08-30,-0.010978046061248747,SPY,yfinance
2022-08-31,-0.0076089255631336394,SPY,yfinance
2022-09-01,0.003137860608977139,SPY,yfinance
2022-09-02,-0.010544354071132744,SPY,yfinance
2022-09-06,-0.0037732546568667313,SPY,yfinance
2022-09-07,0.017964998932929355,SPY,yfinance
2022-09-08,0.00653629700143088,SPY,yfinance
2022-09-09,0.015535260710868526,SPY,yfinance
2022-09-12,0.010747655801442324,SPY,yfinance
2022-09-13,-0.043482527774613255,SPY,yfinance
2022-09-14,0.003815891583685227,SPY,yfinance
2022-09-15,-0.011353378178288742,SPY,yfinance
2022-09-16,-0.007628840080804,SPY,yfinance
2022-09-19,0.007755003725878895,SPY,yfinance
2022-09-20,-0.011478625995414493,SPY,yfinance
2022-09-21,-0.017443766782539893,SPY,yfinance
2022-09-22,-0.00839963846353442,SPY,yfinance
2022-09-23,-0.01675511023085341,SPY,yfinance
2022-09-26,-0.009892519809114986,SPY,yfinance
2022-09-27,-0.002552726128038474,SPY,yfinance
2022-09-28,0.01967628539190147,SPY,yfinance
2022-09-29,-0.020889006422964873,SPY,yfinance
2022-09-30,-0.015463479044337425,SPY,yfinance
2022-10-03,0.026401422821733966,SPY,yfinance
2022-10-04,0.030986253609666115,SPY,yfinance
2022-10-05,-0.0023280547733794954,SPY,yfinance
2022-10-06,-0.010316023632548021,SPY,yfinance
2022-10-07,-0.0278937164329065,SPY,yfinance
2022-10-10,-0.007635346762265516,SPY,yfinance
2022-10-11,-0.00633296842416442,SPY,yfinance
2022-10-12,-0.0032983196770478562,SPY,yfinance
2022-10-13,0.026390912663867505,SPY,yfinance
2022-10-14,-0.02278862275485727,SPY,yfinance
2022-10-17,0.025696994973738452,SPY,yfinance
2022-10-18,0.011749546434552727,SPY,yfinance
2022-10-19,-0.007086514433433888,SPY,yfinance
2022-10-20,-0.008385403463631702,SPY,yfinance
2022-10-21,0.024301561910069713,SPY,yfinance
2022-10-24,0.012236441617179183,SPY,yfinance
2022-10-25,0.015968482886503876,SPY,yfinance
2022-10-26,-0.0075340204880226525,SPY,yfinance
2022-10-27,-0.005339825249997432,SPY,yfinance
2022-10-28,0.023790633270309502,SPY,yfinance
2022-10-31,-0.007223367777259071,SPY,yfinance
2022-11-01,-0.00437575626994513,SPY,yfinance
2022-11-02,-0.02509635763442808,SPY,yfinance
2022-11-03,-0.010296754480868642,SPY,yfinance
2022-11-04,0.014393020475038654,SPY,yfinance
2022-11-07,0.00956550371870013,SPY,yfinance
2022-11-08,0.00539559898101083,SPY,yfinance
2022-11-09,-0.020602101416018814,SPY,yfinance
2022-11-10,0.054953974798116256,SPY,yfinance
2022-11-11,0.00967864729214063,SPY,yfinance
2022-11-14,-0.008506595094916913,SPY,yfinance
2022-11-15,0.008528749097643784,SPY,yfinance
2022-11-16,-0.007628650056293762,SPY,yfinance
2022-11-17,-0.0030597300385670767,SPY,yfinance
2022-11-18,0.0045403680430187165,SPY,yfinance
2022-11-21,-0.0036360973018604303,SPY,yfinance
2022-11-22,0.013456817028930201,SPY,yfinance
2022-11-23,0.006301592443815007,SPY,yfinance
2022-11-25,-0.00022338926091292066,SPY,yfinance
2022-11-28,-0.015957102222031505,SPY,yfinance
2022-11-29,-0.0017177099408676177,SPY,yfinance
2022-11-30,0.03150059998753907,SPY,yfinance
2022-12-01,-0.0007357294260313951,SPY,yfinance
2022-12-02,-0.0011538237505567261,SPY,yfinance
2022-12-05,-0.0179891787180827,SPY,yfinance
2022-12-06,-0.014414812413840017,SPY,yfinance
2022-12-07,-0.0017012844612419586,SPY,yfinance
2022-12-08,0.007834153336030658,SPY,yfinance
2022-12-09,-0.007470274428753032,SPY,yfinance
2022-12-12,0.014417184599031296,SPY,yfinance
2022-12-13,0.007569832350734718,SPY,yfinance
2022-12-14,-0.006393411399447491,SPY,yfinance
2022-12-15,-0.02446171566384303,SPY,yfinance
2022-12-16,-0.011806311873213904,SPY,yfinance
2022-12-19,-0.008479571774606898,SPY,yfinance
2022-12-20,0.0013683712319529917,SPY,yfinance
2022-12-21,0.014952544716633875,SPY,yfinance
2022-12-22,-0.014266161340504513,SPY,yfinance
2022-12-23,0.005752227928498943,SPY,yfinance
2022-12-27,-0.003943522020589008,SPY,yfinance
2022-12-28,-0.012427864350758266,SPY,yfinance
2022-12-29,0.018000248985738043,SPY,yfinance
2022-12-30,-0.0026338769123939176,SPY,yfinance
2023-01-03,-0.004210098893247638,SPY,yfinance
2023-01-04,0.007720427195243795,SPY,yfinance
2023-01-05,-0.011413403376530518,SPY,yfinance
2023-01-06,0.022932006919602177,SPY,yfinance
2023-01-09,-0.0005669057470593097,SPY,yfinance
2023-01-10,0.007012902677220989,SPY,yfinance
2023-01-11,0.012647612670091624,SPY,yfinance
2023-01-12,0.0036410467780101374,SPY,yfinance
2023-01-13,0.0038794879133694504,SPY,yfinance
2023-01-17,-0.001831992697272744,SPY,yfinance
2023-01-18,-0.01578807103247426,SPY,yfinance
2023-01-19,-0.007279724205585092,SPY,yfinance
2023-01-20,0.018629000147522223,SPY,yfinance
2023-01-23,0.011998623324991797,SPY,yfinance
2023-01-24,-0.001073264207500868,SPY,yfinance
2023-01-25,0.00037473755047634505,SPY,yfinance
2023-01-26,0.010990304206938584,SPY,yfinance
2023-01-27,0.002297868431302197,SPY,yfinance
2023-01-30,-0.01254691763902338,SPY,yfinance
2023-01-31,0.0147032891320249,SPY,yfinance
2023-02-01,0.010627910967231813,SPY,yfinance
2023-02-02,0.014556847944297013,SPY,yfinance
2023-02-03,-0.010629003787725466,SPY,yfinance
2023-02-06,-0.006111417686471499,SPY,yfinance
2023-02-07,0.013078638524091746,SPY,yfinance
2023-02-08,-0.010934690880718967,SPY,yfinance
2023-02-09,-0.008669173695883603,SPY,yfinance
2023-02-10,0.0023336122428232464,SPY,yfinance
2023-02-13,0.01173888505479348,SPY,yfinance
2023-02-14,-0.00045989391903644705,SPY,yfinance
2023-02-15,0.003247200098995151,SPY,yfinance
2023-02-16,-0.013768870149838519,SPY,yfinance
2023-02-17,-0.0024981131016242886,SPY,yfinance
2023-02-21,-0.020060905598510925,SPY,yfinance
2023-02-22,-0.0013781251802224004,SPY,yfinance
2023-02-23,0.005319298492250324,SPY,yfinance
2023-02-24,-0.010682418456061327,SPY,yfinance
2023-02-27,0.0034059443281617696,SPY,yfinance
2023-02-28,-0.0036960510650219103,SPY,yfinance
2023-03-01,-0.0038358902855685217,SPY,yfinance
2023-03-02,0.007777209406264474,SPY,yfinance
2023-03-03,0.01603783685939275,SPY,yfinance
2023-03-06,0.0006928516876023583,SPY,yfinance
2023-03-07,-0.015328912499828817,SPY,yfinance
2023-03-08,0.0016321852218497135,SPY,yfinance
2023-03-09,-0.018449788149710433,SPY,yfinance
2023-03-10,-0.014429365199638111,SPY,yfinance
2023-03-13,-0.0014252748632427314,SPY,yfinance
2023-03-14,0.016530037761984584,SPY,yfinance
2023-03-15,-0.006254410158404444,SPY,yfinance
2023-03-16,0.017545255590372344,SPY,yfinance
2023-03-17,-0.011692612343420783,SPY,yfinance
2023-03-20,0.009615536303575256,SPY,yfinance
2023-03-21,0.013130428542283523,SPY,yfinance
2023-03-22,-0.017046347554787733,SPY,yfinance
2023-03-23,0.0027032572616272343,SPY,yfinance
2023-03-24,0.006562068798356968,SPY,yfinance
2023-03-27,0.0018699232205598992,SPY,yfinance
2023-03-28,-0.002244838754494438,SPY,yfinance
2023-03-29,0.014535138428801941,SPY,yfinance
2023-03-30,0.005855144571919713,SPY,yfinance
2023-03-31,0.0140944769870468,SPY,yfinance
2023-04-03,0.0038107620524820973,SPY,yfinance
2023-04-04,-0.005548283151429745,SPY,yfinance
2023-04-05,-0.002618161015622067,SPY,yfinance
2023-04-06,0.0039007882103703206,SPY,yfinance
2023-04-10,0.0010264340878418654,SPY,yfinance
2023-04-11,0.00026850070922734837,SPY,yfinance
2023-04-12,-0.004075966542398501,SPY,yfinance
2023-04-13,0.013282686878617556,SPY,yfinance
2023-04-14,-0.002442804556537337,SPY,yfinance
2023-04-17,0.003588334460758791,SPY,yfinance
2023-04-18,0.0006523552514483555,SPY,yfinance
2023-04-19,-0.0001690500710538334,SPY,yfinance
2023-04-20,-0.005457074812173723,SPY,yfinance
2023-04-21,0.0007769630868232902,SPY,yfinance
2023-04-24,0.0010432504236472795,SPY,yfinance
2023-04-25,-0.015873928381869518,SPY,yfinance
2023-04-26,-0.004235736817344904,SPY,yfinance
2023-04-27,0.019908211507865703,SPY,yfinance
2023-04-28,0.008535148710519413,SPY,yfinance
2023-05-01,-0.0010098010324460782,SPY,yfinance
2023-05-02,-0.011239248093318,SPY,yfinance
2023-05-03,-0.006864170550381021,SPY,yfinance
2023-05-04,-0.007082761446093655,SPY,yfinance
2023-05-05,0.018512708514352383,SPY,yfinance
2023-05-08,0.00026653554060840356,SPY,yfinance
2023-05-09,-0.004385446611590127,SPY,yfinance
2023-05-10,0.004672324524475302,SPY,yfinance
2023-05-11,-0.001744002093048369,SPY,yfinance
2023-05-12,-0.0013102097636058518,SPY,yfinance
2023-05-15,0.003449986369872482,SPY,yfinance
2023-05-16,-0.006682674802190314,SPY,yfinance
2023-05-17,0.012138975554691012,SPY,yfinance
2023-05-18,0.009633264318818835,SPY,yfinance
2023-05-19,-0.0014551216826217406,SPY,yfinance
2023-05-22,0.00040620359709109266,SPY,yfinance
2023-05-23,-0.011222932869814128,SPY,yfinance
2023-05-24,-0.007244685842921816,SPY,yfinance
2023-05-25,0.008659910531923831,SPY,yfinance
2023-05-26,0.012950500619766103,SPY,yfinance
2023-05-30,0.000380990578524365,SPY,yfinance
2023-05-31,-0.005545128302509972,SPY,yfinance
2023-06-01,0.009500912188966648,SPY,yfinance
2023-06-02,0.014461421548851883,SPY,yfinance
2023-06-05,-0.0019163990817528953,SPY,yfinance
2023-06-06,0.0021774356483303947,SPY,yfinance
2023-06-07,-0.0034575826542813104,SPY,yfinance
2023-06-08,0.006048473885594596,SPY,yfinance
2023-06-09,0.0017943066826322518,SPY,yfinance
2023-06-12,0.009071797080680843,SPY,yfinance
2023-06-13,0.0065929056229916405,SPY,yfinance
2023-06-14,0.0011908522905950125,SPY,yfinance
2023-06-15,0.012397639930631588,SPY,yfinance
2023-06-16,-0.0034060990503663735,SPY,yfinance
2023-06-20,-0.005188261499940561,SPY,yfinance
2023-06-21,-0.005123824370416918,SPY,yfinance
2023-06-22,0.003609805665299781,SPY,yfinance
2023-06-23,-0.007560042937187372,SPY,yfinance
2023-06-26,-0.004085745518005779,SPY,yfinance
2023-06-27,0.010963331991706626,SPY,yfinance
2023-06-28,0.0005045357875963496,SPY,yfinance
2023-06-29,0.003941286445279024,SPY,yfinance
2023-06-30,0.011800735170562682,SPY,yfinance
2023-07-03,0.001150479611221833,SPY,yfinance
2023-07-05,-0.001487262299673442,SPY,yfinance
2023-07-06,-0.007830630503188107,SPY,yfinance
2023-07-07,-0.002524716269450722,SPY,yfinance
2023-07-10,0.0025311065954520817,SPY,yfinance
2023-07-11,0.006368563013740225,SPY,yfinance
2023-07-12,0.008045860541035621,SPY,yfinance
2023-07-13,0.007936941965867028,SPY,yfinance
2023-07-14,-0.0006227614568499185,SPY,yfinance
2023-07-17,0.0034721545832785417,SPY,yfinance
2023-07-18,0.00743054524771547,SPY,yfinance
2023-07-19,0.0022237061151779702,SPY,yfinance
2023-07-20,-0.0066343829733005455,SPY,yfinance
2023-07-21,0.0,SPY,yfinance
2023-07-24,0.004467251302013642,SPY,yfinance
2023-07-25,0.0027300771358440556,SPY,yfinance
2023-07-26,0.00015373233812465692,SPY,yfinance
2023-07-27,-0.006630075300619875,SPY,yfinance
2023-07-28,0.009790315750077161,SPY,yfinance
2023-07-31,0.0019040895121220647,SPY,yfinance
2023-08-01,-0.0028614730264066024,SPY,yfinance
2023-08-02,-0.01391084085287353,SPY,yfinance
2023-08-03,-0.0028658059749401277,SPY,yfinance
2023-08-04,-0.004522808505695752,SPY,yfinance
2023-08-07,0.008728408004087251,SPY,yfinance
2023-08-08,-0.00434862829599636,SPY,yfinance
2023-08-09,-0.006685172244449644,SPY,yfinance
2023-08-10,0.0003590167717892889,SPY,yfinance
2023-08-11,-0.000583077736399984,SPY,yfinance
2023-08-14,0.005519818342846428,SPY,yfinance
2023-08-15,-0.011648725049475894,SPY,yfinance
2023-08-16,-0.007338206399477021,SPY,yfinance
2023-08-17,-0.007619840893680285,SPY,yfinance
2023-08-18,0.0004812229624389097,SPY,yfinance
2023-08-21,0.006506305765969778,SPY,yfinance
2023-08-22,-0.002708502830508386,SPY,yfinance
2023-08-23,0.01113767453928216,SPY,yfinance
2023-08-24,-0.013859189290343799,SPY,yfinance
2023-08-25,0.007050052807596741,SPY,yfinance
2023-08-28,0.006341166248630792,SPY,yfinance
2023-08-29,0.014454796007975723,SPY,yfinance
2023-08-30,0.004118908529335608,SPY,yfinance
2023-08-31,-0.0014634533182911191,SPY,yfinance
2023-09-01,0.0018652174480406902,SPY,yfinance
2023-09-05,-0.004321942791645328,SPY,yfinance
2023-09-06,-0.006722540611715733,SPY,yfinance
2023-09-07,-0.003070201836031683,SPY,yfinance
2023-09-08,0.0015061625101477905,SPY,yfinance
2023-09-11,0.006576625721170126,SPY,yfinance
2023-09-12,-0.005485565822668237,SPY,yfinance
2023-09-13,0.001165946374684701,SPY,yfinance
2023-09-14,0.008622328143939706,SPY,yfinance
2023-09-15,-0.012048227426621594,SPY,yfinance
2023-09-18,0.0005863452497691934,SPY,yfinance
2023-09-19,-0.002073680783035048,SPY,yfinance
2023-09-20,-0.009193250782206452,SPY,yfinance
2023-09-21,-0.016528450463780375,SPY,yfinance
2023-09-22,-0.00224863527325625,SPY,yfinance
2023-09-25,0.004205229907699781,SPY,yfinance
2023-09-26,-0.014691233590584996,SPY,yfinance
2023-09-27,0.000399138381550479,SPY,yfinance
2023-09-28,0.005797353775884195,SPY,yfinance
2023-09-29,-0.0024268053323004413,SPY,yfinance
2023-10-02,-0.0003977917512676399,SPY,yfinance
2023-10-03,-0.013386108441205136,SPY,yfinance
2023-10-04,0.007282019969861997,SPY,yfinance
2023-10-05,-0.00037685665664310974,SPY,yfinance
2023-10-06,0.01187282704695547,SPY,yfinance
2023-10-09,0.006402165876523203,SPY,yfinance
2023-10-10,0.0052048666056285775,SPY,yfinance
2023-10-11,0.0040963821027437675,SPY,yfinance
2023-10-12,-0.006096450426418154,SPY,yfinance
2023-10-13,-0.0049809267517860745,SPY,yfinance
2023-10-16,0.010521602996132362,SPY,yfinance
2023-10-17,-4.599498488588871e-05,SPY,yfinance
2023-10-18,-0.013325150615231096,SPY,yfinance
2023-10-19,-0.008786487690464417,SPY,yfinance
2023-10-20,-0.012287930769575461,SPY,yfinance
2023-10-23,-0.0017331862026238598,SPY,yfinance
2023-10-24,0.007539412967386028,SPY,yfinance
2023-10-25,-0.01435224950284919,SPY,yfinance
2023-10-26,-0.01197453397326409,SPY,yfinance
2023-10-27,-0.0045327672042380085,SPY,yfinance
2023-10-30,0.01195574009533984,SPY,yfinance
2023-10-31,0.006280242388355672,SPY,yfinance
2023-11-01,0.010664693574886419,SPY,yfinance
2023-11-02,0.019164410259168374,SPY,yfinance
2023-11-03,0.009123326140965782,SPY,yfinance
2023-11-06,0.002300590557098081,SPY,yfinance
2023-11-07,0.00284617571424306,SPY,yfinance
2023-11-08,0.0007321148521026721,SPY,yfinance
2023-11-09,-0.007798663629364655,SPY,yfinance
2023-11-10,0.015604895344940362,SPY,yfinance
2023-11-13,-0.0009533755618731377,SPY,yfinance
2023-11-14,0.019400988889105797,SPY,yfinance
2023-11-15,0.0021169079630218857,SPY,yfinance
2023-11-16,0.0012231699046711952,SPY,yfinance
2023-11-17,0.0012438433704204943,SPY,yfinance
2023-11-20,0.007697541084993542,SPY,yfinance
2023-11-21,-0.002179438067467454,SPY,yfinance
2023-11-22,0.0038607764368581154,SPY,yfinance
2023-11-24,0.000615409397399791,SPY,yfinance
2023-11-27,-0.0018009050787556324,SPY,yfinance
2023-11-28,0.0009900922194836514,SPY,yfinance
2023-11-29,-0.0007033553364585998,SPY,yfinance
2023-11-30,0.003937351428214386,SPY,yfinance
2023-12-01,0.005915838852097233,SPY,yfinance
2023-12-04,-0.005249299192772172,SPY,yfinance
2023-12-05,-0.00019710156597507744,SPY,yfinance
2023-12-06,-0.004029759860348148,SPY,yfinance
2023-12-07,0.007630412037957557,SPY,yfinance
2023-12-08,0.004299124818565092,SPY,yfinance
2023-12-11,0.003889524957591206,SPY,yfinance
2023-12-12,0.004567334673750034,SPY,yfinance
2023-12-13,0.01378997251530234,SPY,yfinance
2023-12-14,0.0032094834004490203,SPY,yfinance
2023-12-15,-0.0016465667898450942,SPY,yfinance
2023-12-18,0.005625132164749136,SPY,yfinance
2023-12-19,0.006080933702302449,SPY,yfinance
2023-12-20,-0.013857380583936929,SPY,yfinance
2023-12-21,0.00948195716692557,SPY,yfinance
2023-12-22,0.0020096736315229347,SPY,yfinance
2023-12-26,0.0042226082931333675,SPY,yfinance
2023-12-27,0.0018079377326836177,SPY,yfinance
2023-12-28,0.0003778604072310898,SPY,yfinance
2023-12-29,-0.0028949804069641205,SPY,yfinance
2024-01-02,-0.005596318890426222,SPY,yfinance
2024-01-03,-0.008166792089666641,SPY,yfinance
2024-01-04,-0.0032209590769700647,SPY,yfinance
2024-01-05,0.0013695714232604406,SPY,yfinance
2024-01-08,0.01427595793662717,SPY,yfinance
2024-01-09,-0.001517061674658704,SPY,yfinance
2024-01-10,0.0056553578038645025,SPY,yfinance
2024-01-11,-0.00044059347730840415,SPY,yfinance
2024-01-12,0.0006926475547639477,SPY,yfinance
2024-01-16,-0.003671148699777138,SPY,yfinance
2024-01-17,-0.005558540634168052,SPY,yfinance
2024-01-18,0.008892665106575715,SPY,yfinance
2024-01-19,0.012466165038470978,SPY,yfinance
2024-01-22,0.002114348633203589,SPY,yfinance
2024-01-23,0.0029165082148367993,SPY,yfinance
2024-01-24,0.0010930404347999634,SPY,yfinance
2024-01-25,0.005438885219107403,SPY,yfinance
2024-01-26,-0.0012702826780540688,SPY,yfinance
2024-01-29,0.007919416843935823,SPY,yfinance
2024-01-30,-0.000773483173836742,SPY,yfinance
2024-01-31,-0.016317363108296012,SPY,yfinance
2024-02-01,0.013088056150336369,SPY,yfinance
2024-02-02,0.010527488470606361,SPY,yfinance
2024-02-05,-0.0036411639088934633,SPY,yfinance
2024-02-06,0.002903242256254046,SPY,yfinance
2024-02-07,0.008340393268319701,SPY,yfinance
2024-02-08,0.0004415596940987587,SPY,yfinance
2024-02-09,0.005779588432038629,SPY,yfinance
2024-02-12,-0.00043895368606916563,SPY,yfinance
2024-02-13,-0.0137730873453904,SPY,yfinance
2024-02-14,0.009087607691146804,SPY,yfinance
2024-02-15,0.006899800560894898,SPY,yfinance
2024-02-16,-0.004979794861659781,SPY,yfinance
2024-02-20,-0.005505546885098189,SPY,yfinance
2024-02-21,0.0009058274054767335,SPY,yfinance
2024-02-22,0.0206955377763427,SPY,yfinance
2024-02-23,0.0006896158411573428,SPY,yfinance
2024-02-26,-0.0036625528988423195,SPY,yfinance
2024-02-27,0.0018576844870146214,SPY,yfinance
2024-02-28,-0.0013214613978690393,SPY,yfinance
2024-02-29,0.0035948350029080256,SPY,yfinance
2024-03-01,0.009388276199003842,SPY,yfinance
2024-03-04,-0.0010723336034854647,SPY,yfinance
2024-03-05,-0.009994278787866961,SPY,yfinance
2024-03-06,0.005067340102729245,SPY,yfinance
2024-03-07,0.009926350226370007,SPY,yfinance
2024-03-08,-0.006002135527416241,SPY,yfinance
2024-03-11,-0.0008597979649426213,SPY,yfinance
2024-03-12,0.010757183154359806,SPY,yfinance
2024-03-13,-0.0015672638276188477,SPY,yfinance
2024-03-14,-0.0019769078157110265,SPY,yfinance
2024-03-15,-0.006866660707165462,SPY,yfinance
2024-03-18,0.0059432741977651915,SPY,yfinance
2024-03-19,0.005557071927174473,SPY,yfinance
2024-03-20,0.009249396810094623,SPY,yfinance
2024-03-21,0.003304587984467311,SPY,yfinance
2024-03-22,-0.0018957907148577924,SPY,yfinance
2024-03-25,-0.0027628713181857556,SPY,yfinance
2024-03-26,-0.001846977188177834,SPY,yfinance
2024-03-27,0.008403901603583064,SPY,yfinance
2024-03-28,-0.0001911456026980618,SPY,yfinance
2024-04-01,-0.001739823270961005,SPY,yfinance
2024-04-02,-0.006358082097403739,SPY,yfinance
2024-04-03,0.0010985442977609061,SPY,yfinance
2024-04-04,-0.012206081350283449,SPY,yfinance
2024-04-05,0.010446820903633913,SPY,yfinance
2024-04-08,0.0005594447086165744,SPY,yfinance
2024-04-09,0.0011566521510126826,SPY,yfinance
2024-04-10,-0.010013138685516232,SPY,yfinance
2024-04-11,0.007546988777562547,SPY,yfinance
2024-04-12,-0.013803164506086318,SPY,yfinance
2024-04-15,-0.012528040019038289,SPY,yfinance
2024-04-16,-0.0018238107475504473,SPY,yfinance
2024-04-17,-0.00591824014164688,SPY,yfinance
2024-04-18,-0.002057851539541633,SPY,yfinance
2024-04-19,-0.008728311110944187,SPY,yfinance
2024-04-22,0.009209208109618228,SPY,yfinance
2024-04-23,0.011866608948703172,SPY,yfinance
2024-04-24,-0.00047454551108450094,SPY,yfinance
2024-04-25,-0.003799032410158887,SPY,yfinance
2024-04-26,0.009473886091963868,SPY,yfinance
2024-04-29,0.003541491468493474,SPY,yfinance
2024-04-30,-0.01584115514615525,SPY,yfinance
2024-05-01,-0.003247213224846335,SPY,yfinance
2024-05-02,0.009353406639900363,SPY,yfinance
2024-05-03,0.012395297420226381,SPY,yfinance
2024-05-06,0.010326917563738602,SPY,yfinance
2024-05-07,0.0011033717013146926,SPY,yfinance
2024-05-08,9.665698605743067e-05,SPY,yfinance
2024-05-09,0.0057619887050999186,SPY,yfinance
2024-05-10,0.0012881637671713353,SPY,yfinance
2024-05-13,0.0001341423889948956,SPY,yfinance
2024-05-14,0.004588194592596295,SPY,yfinance
2024-05-15,0.012383146543229584,SPY,yfinance
2024-05-16,-0.002057662461927734,SPY,yfinance
2024-05-17,0.0014375154397507917,SPY,yfinance
2024-05-20,0.0011520458437725978,SPY,yfinance
2024-05-21,0.002452770167709506,SPY,yfinance
2024-05-22,-0.0028796450955669295,SPY,yfinance
2024-05-23,-0.007304038355110509,SPY,yfinance
2024-05-24,0.006616628977133221,SPY,yfinance
2024-05-28,0.0006986090995133587,SPY,yfinance
2024-05-29,-0.007002454871396835,SPY,yfinance
2024-05-30,-0.00663364481116735,SPY,yfinance
2024-05-31,0.009107896748538513,SPY,yfinance
2024-06-03,0.0008156352536050626,SPY,yfinance
2024-06-04,0.0011178600200449917,SPY,yfinance
2024-06-05,0.011885047080622657,SPY,yfinance
2024-06-06,-1.8826212542566445e-05,SPY,yfinance
2024-06-07,-0.0012155413895058587,SPY,yfinance
2024-06-10,0.0030896755196778702,SPY,yfinance
2024-06-11,0.0024084531043191415,SPY,yfinance
2024-06-12,0.008212962289140924,SPY,yfinance
2024-06-13,0.002013301672693091,SPY,yfinance
2024-06-14,0.0006084359956222141,SPY,yfinance
2024-06-17,0.007958995685484194,SPY,yfinance
2024-06-18,0.002540705221970363,SPY,yfinance
2024-06-20,-0.002716531138375,SPY,yfinance
2024-06-21,-0.001340591814880554,SPY,yfinance
2024-06-24,-0.0032507411822658705,SPY,yfinance
2024-06-25,0.0038508488183874867,SPY,yfinance
2024-06-26,0.0012480374665171379,SPY,yfinance
2024-06-27,0.0015766378395136726,SPY,yfinance
2024-06-28,-0.003935104761613628,SPY,yfinance
2024-07-01,0.002058002885234833,SPY,yfinance
2024-07-02,0.006729739643983157,SPY,yfinance
2024-07-03,0.0044626316745368655,SPY,yfinance
2024-07-05,0.005766470326189266,SPY,yfinance
2024-07-08,0.0011539402339857396,SPY,yfinance
2024-07-09,0.0009724797762926674,SPY,yfinance
2024-07-10,0.009895417314917276,SPY,yfinance
2024-07-11,-0.008622722526993032,SPY,yfinance
2024-07-12,0.00630754403454814,SPY,yfinance
2024-07-15,0.0027501202176014594,SPY,yfinance
2024-07-16,0.005930080913369773,SPY,yfinance
2024-07-17,-0.01402117447015827,SPY,yfinance
2024-07-18,-0.007684925119563979,SPY,yfinance
2024-07-19,-0.006640492151253841,SPY,yfinance
2024-07-22,0.010309924342275956,SPY,yfinance
2024-07-23,-0.0015687460660562813,SPY,yfinance
2024-07-24,-0.022662483372983044,SPY,yfinance
2024-07-25,-0.005210277592075707,SPY,yfinance
2024-07-26,0.01119971183544255,SPY,yfinance
2024-07-29,0.0005876651219949292,SPY,yfinance
2024-07-30,-0.00506634976860687,SPY,yfinance
2024-07-31,0.01625470055299938,SPY,yfinance
2024-08-01,-0.014160912663302883,SPY,yfinance
2024-08-02,-0.018618614276091905,SPY,yfinance
2024-08-05,-0.0291236453632302,SPY,yfinance
2024-08-06,0.009219525674007967,SPY,yfinance
2024-08-07,-0.006683877189433307,SPY,yfinance
2024-08-08,0.023117253053390074,SPY,yfinance
2024-08-09,0.00440963576112674,SPY,yfinance
2024-08-12,0.0005254581184506169,SPY,yfinance
2024-08-13,0.01644542365219892,SPY,yfinance
2024-08-14,0.0031550670259163915,SPY,yfinance
2024-08-15,0.01714012875583215,SPY,yfinance
2024-08-16,0.0022419791525347676,SPY,yfinance
2024-08-19,0.009561483341943289,SPY,yfinance
2024-08-20,-0.0016260024983042465,SPY,yfinance
2024-08-21,0.003436440682692554,SPY,yfinance
2024-08-22,-0.007848466045301983,SPY,yfinance
2024-08-23,0.010625196212023846,SPY,yfinance
2024-08-26,-0.002383780184026185,SPY,yfinance
2024-08-27,0.0013730986678519574,SPY,yfinance
2024-08-28,-0.005805139307251905,SPY,yfinance
2024-08-29,8.929895963372125e-05,SPY,yfinance
2024-08-30,0.009545987703961645,SPY,yfinance
2024-09-03,-0.02057899846965139,SPY,yfinance
2024-09-04,-0.002046764251070199,SPY,yfinance
2024-09-05,-0.0024322654839888935,SPY,yfinance
2024-09-06,-0.01682982157391133,SPY,yfinance
2024-09-09,0.011196083406375346,SPY,yfinance
2024-09-10,0.0043556714229291416,SPY,yfinance
2024-09-11,0.010258947550831232,SPY,yfinance
2024-09-12,0.0084233977525765,SPY,yfinance
2024-09-13,0.005222626521677709,SPY,yfinance
2024-09-16,0.001476791049923154,SPY,yfinance
2024-09-17,0.0004087905468845854,SPY,yfinance
2024-09-18,-0.002965840757250593,SPY,yfinance
2024-09-19,0.01706448914709191,SPY,yfinance
2024-09-20,-0.0017286356384682566,SPY,yfinance
2024-09-23,0.0024987150543154257,SPY,yfinance
2024-09-24,0.002861332369231473,SPY,yfinance
2024-09-25,-0.0022055614600836604,SPY,yfinance
2024-09-26,0.003964639116043278,SPY,yfinance
2024-09-27,-0.0014501460459257487,SPY,yfinance
2024-09-30,0.004007119709575679,SPY,yfinance
2024-10-01,-0.008958432638663472,SPY,yfinance
2024-10-02,0.00042208177110447664,SPY,yfinance
2024-10-03,-0.0018282857429317012,SPY,yfinance
2024-10-04,0.009087598740308067,SPY,yfinance
2024-10-07,-0.009040672889681023,SPY,yfinance
2024-10-08,0.00945754134781529,SPY,yfinance
2024-10-09,0.006926462109488218,SPY,yfinance
2024-10-10,-0.001749953629888945,SPY,yfinance
2024-10-11,0.005988267395711899,SPY,yfinance
2024-10-14,0.008178127991117279,SPY,yfinance
2024-10-15,-0.007769522317706223,SPY,yfinance
2024-10-16,0.00434639014938254,SPY,yfinance
2024-10-17,8.589010206727643e-05,SPY,yfinance
2024-10-18,0.0038464792403316572,SPY,yfinance
2024-10-21,-0.0016422048779181075,SPY,yfinance
2024-10-22,-0.0005310922072517821,SPY,yfinance
2024-10-23,-0.009137424564856667,SPY,yfinance
2024-10-24,0.002162726927777525,SPY,yfinance
2024-10-25,-0.0003452680895702498,SPY,yfinance
2024-10-28,0.003091318631785356,SPY,yfinance
2024-10-29,0.0016186065735621646,SPY,yfinance
2024-10-30,-0.00302555106764113,SPY,yfinance
2024-10-31,-0.019603060676553374,SPY,yfinance
2024-11-01,0.004220559958140857,SPY,yfinance
2024-11-04,-0.0021540154795790523,SPY,yfinance
2024-11-05,0.012091818399094123,SPY,yfinance
2024-11-06,0.024865585678215618,SPY,yfinance
2024-11-07,0.007732271136789315,SPY,yfinance
2024-11-08,0.004331741714410864,SPY,yfinance
2024-11-11,0.0009527220139335935,SPY,yfinance
2024-11-12,-0.0031064475544430037,SPY,yfinance
2024-11-13,0.0004857695137632234,SPY,yfinance
2024-11-14,-0.006430017819199607,SPY,yfinance
2024-11-15,-0.012808814971009275,SPY,yfinance
2024-11-18,0.004097594710207986,SPY,yfinance
2024-11-19,0.0036554827170298676,SPY,yfinance
2024-11-20,0.00033879905995104487,SPY,yfinance
2024-11-21,0.005368341023434864,SPY,yfinance
2024-11-22,0.003099278746608425,SPY,yfinance
2024-11-25,0.0033921526241242894,SPY,yfinance
2024-11-26,0.005221584893826625,SPY,yfinance
2024-11-27,-0.0030301629212943215,SPY,yfinance
2024-11-29,0.006211961153299583,SPY,yfinance
2024-12-02,0.0017924650477565418,SPY,yfinance
2024-12-03,0.00046398840646544315,SPY,yfinance
2024-12-04,0.006209396695646685,SPY,yfinance
2024-12-05,-0.0016454981148955605,SPY,yfinance
2024-12-06,0.0018955339483279765,SPY,yfinance
2024-12-09,-0.0051497285097474865,SPY,yfinance
2024-12-10,-0.003109119192492127,SPY,yfinance
2024-12-11,0.007730767645118819,SPY,yfinance
2024-12-12,-0.005152593115945736,SPY,yfinance
2024-12-13,-0.00019862181953211877,SPY,yfinance
2024-12-16,0.004270086382694771,SPY,yfinance
2024-12-17,-0.004120154939941889,SPY,yfinance
2024-12-18,-0.029803473706515593,SPY,yfinance
2024-12-19,-0.000306999319557244,SPY,yfinance
2024-12-20,0.01201099558323726,SPY,yfinance
2024-12-23,0.0059883231364945555,SPY,yfinance
2024-12-24,0.011114856046121169,SPY,yfinance
2024-12-26,6.662663576362249e-05,SPY,yfinance
2024-12-27,-0.010526616031051095,SPY,yfinance
2024-12-30,-0.011411505727450755,SPY,yfinance
